{"insightID":"2780e72a-053e-4054-88f6-fc8c20c8c551","pixelReturn":[{"pixelExpression":"if ( ( HasDuplicates ( COUNTY ) ) , ( Select ( COUNTY , Average ( drugdeathrate ) ) .as ( [ COUNTY , Averageofdrugdeathrate ] ) | Group ( COUNTY ) | With ( Panel ( 0 ) ) | Format ( type = [ 'table' ] ) | TaskOptions ( { \"0\" : { \"layout\" : \"Choropleth\" , \"alignment\" : { \"label\" : [ \"COUNTY\" ] , \"value\" : [ \"Averageofdrugdeathrate\" ] , \"facet\" : [ ] } } } ) | Collect ( 500 ) ) , ( Select ( COUNTY , drugdeathrate ) .as ( [ COUNTY , drugdeathrate ] ) | With ( Panel ( 0 ) ) | Format ( type = [ 'table' ] ) | TaskOptions ( { \"0\" : { \"layout\" : \"Choropleth\" , \"alignment\" : { \"label\" : [ \"COUNTY\" ] , \"value\" : [ \"drugdeathrate\" ] , \"facet\" : [ ] } } } ) | Collect ( 500 ) ) ) ;","isMeta":false,"output":{"data":{"values":[["Abbeville",null],["Acadia_Parish",34.0],["Accomack",null],["Ada",12.971428571428572],["Adair",null],["Adams",19.25],["Addison",null],["Adjuntas_Municipio",null],["Aguada_Municipio",null],["Aguadilla_Municipio",null],["Aguas_Buenas_Municipio",null],["Aibonito_Municipio",null],["Aiken",18.65714285714286],["Aitkin",null],["Alachua",9.8],["Alamance",13.833333333333334],["Alameda",10.228571428571428],["Alamosa",null],["Albany",10.457142857142857],["Albemarle",null],["Alcona",null],["Alcorn",null],["Aleutians_East_Borough",null],["Aleutians_West_Census_Area",null],["Alexander",null],["Alexandria_city",null],["Alfalfa",null],["Alger",null],["Allamakee",null],["Allegan",22.0],["Allegany",63.8],["Alleghany",null],["Allegheny",27.900000000000002],["Allen",16.522222222222222],["Allen_Parish",null],["Allendale",null],["Alpena",null],["Alpine",null],["Amador",null],["Amelia",null],["Amherst",null],["Amite",null],["Anasco_Municipio",null],["Anchorage_Municipality",17.742857142857144],["Anderson",24.21818181818182],["Andrew",null],["Andrews",null],["Androscoggin",23.599999999999998],["Angelina",null],["Anne_Arundel",20.442857142857143],["Anoka",11.157142857142857],["Anson",null],["Antelope",null],["Antrim",null],["Apache",null],["Appanoose",null],["Appling",null],["Appomattox",null],["Aransas",null],["Arapahoe",15.371428571428572],["Archer",null],["Archuleta",null],["Arecibo_Municipio",null],["Arenac",null],["Arkansas",null],["Arlington",11.3],["Armstrong",55.5],["Aroostook",29.4],["Arroyo_Municipio",null],["Arthur",null],["Ascension_Parish",19.2],["Ashe",null],["Ashland",null],["Ashley",null],["Ashtabula",26.37142857142857],["Asotin",null],["Assumption_Parish",null],["Atascosa",null],["Atchison",null],["Athens",null],["Atkinson",null],["Atlantic",24.642857142857142],["Atoka",null],["Attala",null],["Audrain",null],["Audubon",null],["Auglaize",null],["Augusta",null],["Aurora",null],["Austin",null],["Autauga",null],["Avery",null],["Avoyelles_Parish",null],["Baca",null],["Bacon",null],["Bailey",null],["Baker",null],["Baldwin",15.957142857142857],["Ballard",null],["Baltimore",23.714285714285715],["Baltimore_city",40.642857142857146],["Bamberg",null],["Bandera",null],["Banks",null],["Banner",null],["Bannock",28.65],["Baraga",null],["Barber",null],["Barbour",null],["Barceloneta_Municipio",null],["Barnes",null],["Barnstable",22.485714285714288],["Barnwell",null],["Barranquitas_Municipio",null],["Barren",null],["Barron",null],["Barrow",null],["Barry",null],["Bartholomew",null],["Barton",null],["Bartow",20.566666666666666],["Bastrop",null],["Bates",null],["Bath",null],["Baxter",null],["Bay",20.65],["Bayamon_Municipio",null],["Bayfield",null],["Baylor",null],["Beadle",null],["Bear_Lake",null],["Beaufort",null],["Beauregard_Parish",null],["Beaver",28.071428571428573],["Beaverhead",null],["Becker",null],["Beckham",null],["Bedford",null],["Bee",null],["Belknap",34.6],["Bell",34.58888888888889],["Belmont",32.0],["Beltrami",null],["Ben_Hill",null],["Benewah",null],["Bennett",null],["Bennington",null],["Benson",null],["Bent",null],["Benton",13.727272727272727],["Benzie",null],["Bergen",9.285714285714285],["Berkeley",28.392307692307693],["Berks",15.5],["Berkshire",22.599999999999998],["Bernalillo",28.15714285714286],["Berrien",17.8],["Bertie",null],["Bethel_Census_Area",null],["Bexar",11.428571428571429],["Bibb",12.8],["Bienville_Parish",null],["Big_Horn",null],["Big_Stone",null],["Billings",null],["Bingham",null],["Black_Hawk",null],["Blackford",null],["Bladen",null],["Blaine",null],["Blair",27.633333333333333],["Blanco",null],["Bland",null],["Bleckley",null],["Bledsoe",null],["Blount",22.52857142857143],["Blue_Earth",null],["Boise",null],["Bolivar",null],["Bollinger",null],["Bon_Homme",null],["Bond",null],["Bonner",null],["Bonneville",25.825],["Boone",35.56428571428572],["Borden",null],["Bosque",null],["Bossier_Parish",null],["Botetourt",null],["Bottineau",null],["Boulder",12.785714285714286],["Boundary",null],["Bourbon",null],["Bowie",null],["Bowman",null],["Box_Butte",null],["Box_Elder",null],["Boyd",47.96666666666667],["Boyle",null],["Bracken",null],["Bradford",null],["Bradley",21.6],["Branch",null],["Brantley",null],["Braxton",null],["Brazoria",9.757142857142858],["Brazos",10.4],["Breathitt",null],["Breckinridge",null],["Bremer",null],["Brevard",23.814285714285713],["Brewster",null],["Briscoe",null],["Bristol",27.02857142857143],["Bristol_Bay_Borough",null],["Bristol_city",null],["Broadwater",null],["Bronx",12.6],["Brooke",null],["Brookings",null],["Brooks",null],["Broome",19.483333333333334],["Broomfield",null],["Broward",15.257142857142858],["Brown",18.128571428571426],["Brule",null],["Brunswick",25.857142857142858],["Bryan",null],["Bucha",null],["Buckingham",null],["Bucks",22.42857142857143],["Buena_Vista",null],["Buena_Vista_city",null],["Buffalo",null],["Bullitt",29.233333333333334],["Bulloch",null],["Bullock",null],["Buncombe",15.057142857142857],["Bureau",null],["Burke",31.783333333333335],["Burleigh",null],["Burleson",null],["Burlington",17.485714285714284],["Burnet",null],["Burnett",null],["Burt",null],["Butler",29.37857142857143],["Butte",32.628571428571426],["Butts",null],["Cabarrus",15.616666666666667],["Cabell",54.84285714285714],["Cabo_Rojo_Municipio",null],["Cache",null],["Caddo",null],["Caddo_Parish",9.983333333333334],["Caguas_Municipio",null],["Calaveras",null],["Calcasieu_Parish",12.914285714285715],["Caldwell",35.0],["Caldwell_Parish",null],["Caledonia",null],["Calhoun",24.788888888888888],["Callahan",null],["Callaway",null],["Calloway",null],["Calumet",null],["Calvert",27.9],["Camas",null],["Cambria",35.07142857142857],["Camden",26.914285714285715],["Cameron",4.8],["Cameron_Parish",null],["Camp",null],["Campbell",48.7],["Camuy_Municipio",null],["Canadian",16.7],["Candler",null],["Cannon",null],["Canovanas_Municipio",null],["Canyon",11.2],["Cape_Girardeau",null],["Cape_May",30.15],["Carbon",34.6],["Caribou",null],["Carlisle",null],["Carlton",null],["Carolina_Municipio",null],["Caroline",null],["Carroll",23.45],["Carson",null],["Carson_City",49.5],["Carter",42.650000000000006],["Carteret",29.75],["Carver",null],["Cascade",null],["Casey",null],["Cass",14.8],["Cassia",null],["Castro",null],["Caswell",null],["Catahoula_Parish",null],["Catano_Municipio",null],["Catawba",18.52857142857143],["Catoosa",31.15],["Catron",null],["Cattaraugus",25.7],["Cavalier",null],["Cayey_Municipio",null],["Cayuga",null],["Cecil",32.2],["Cedar",null],["Ceiba_Municipio",null],["Centre",null],["Cerro_Gordo",null],["Chaffee",null],["Chambers",null],["Champaign",12.78],["Chariton",null],["Charles",20.033333333333335],["Charles_City",null],["Charles_Mix",null],["Charleston",15.042857142857143],["Charlevoix",null],["Charlotte",null],["Charlottesville_city",null],["Charlton",null],["Chase",null],["Chatham",10.028571428571428],["Chattahoochee",null],["Chattooga",null],["Chautauqua",23.45],["Chaves",null],["Cheatham",null],["Cheboygan",null],["Chego",null],["Chelan",null],["Chemung",25.5],["Cherokee",15.4],["Cherry",null],["Chesapeake_city",15.75],["Cheshire",27.7],["Chester",14.571428571428571],["Chesterfield",10.77142857142857],["Cheyenne",null],["Chickasaw",null],["Chicot",null],["Childress",null],["Chilton",null],["Chippewa",null],["Chisago",null],["Chittenden",14.975],["Choctaw",null],["Chouteau",null],["Chowan",null],["Christian",null],["Churchill",null],["Ciales_Municipio",null],["Cibola",null],["Cidra_Municipio",null],["Cimarron",null],["Citrus",25.65714285714286],["Clackamas",11.042857142857143],["Claiborne",63.0],["Claiborne_Parish",null],["Clallam",28.2],["Clare",null],["Clarendon",null],["Clarion",null],["Clark",23.4],["Clarke",null],["Clatsop",null],["Clay",22.86],["Clayton",8.8],["Clear_Creek",null],["Clearfield",null],["Clearwater",null],["Cleburne",null],["Clermont",37.41428571428572],["Cleveland",18.72222222222222],["Clinch",null],["Clinton",50.1],["Cloud",null],["Coahoma",null],["Coal",null],["Coamo_Municipio",null],["Cobb",13.414285714285715],["Cochise",20.12],["Cochran",null],["Cocke",null],["Coconino",19.03333333333333],["Codington",null],["Coffee",null],["Coffey",null],["Coke",null],["Colbert",null],["Cole",null],["Coleman",null],["Coles",null],["Colfax",null],["Colleton",null],["Collier",13.185714285714285],["Collin",7.957142857142857],["Collingsworth",null],["Colonial_Heights_city",null],["Colorado",null],["Colquitt",null],["Columbia",13.6],["Columbiana",27.22],["Columbus",null],["Colusa",null],["Comal",18.4],["Comanche",21.8],["Comerio_Municipio",null],["Concho",null],["Concordia_Parish",null],["Conecuh",null],["Conejos",null],["Contra_Costa",10.871428571428572],["Converse",null],["Conway",null],["Cook",12.771428571428572],["Cooke",null],["Cooper",null],["Coos",null],["Coosa",null],["Copiah",null],["Corozal_Municipio",null],["Corson",null],["Cortland",null],["Coryell",null],["Coshocton",null],["Costilla",null],["Cottle",null],["Cotton",null],["Cottonwood",null],["Covington",null],["Covington_city",null],["Coweta",null],["Cowley",null],["Cowlitz",23.580000000000002],["Craig",null],["Craighead",null],["Crane",null],["Craven",31.9],["Crawford",34.666666666666664],["Creek",29.366666666666667],["Crenshaw",null],["Crisp",null],["Crittenden",null],["Crockett",null],["Crook",null],["Crosby",null],["Cross",null],["Crow_Wing",null],["Crowley",null],["Culberson",null],["Culebra_Municipio",null],["Cullman",36.9],["Culpeper",null],["Cumberland",15.865384615384615],["Cuming",null],["Currituck",null],["Curry",null],["Custer",null],["Cuyahoga",23.742857142857144],["Dade",null],["Daggett",null],["Dakota",8.714285714285714],["Dale",null],["Dallam",null],["Dallas",11.0],["Dane",15.714285714285715],["Daniels",null],["Danville_city",null],["Dare",null],["Darke",40.6],["Darlington",null],["Dauphin",16.728571428571428],["Davidson",20.46153846153846],["Davie",null],["Daviess",24.4],["Davis",15.128571428571428],["Davison",null],["Dawes",null],["Dawson",null],["Day",null],["DeKalb",10.85],["DeSoto",17.666666666666668],["DeWitt",null],["De_Baca",null],["De_Soto_Parish",null],["De_Witt",null],["Deaf_Smith",null],["Dearborn",null],["Decatur",null],["Deer_Lodge",null],["Defiance",null],["Del_Norte",null],["Delaware",27.591666666666665],["Delta",null]],"headers":["COUNTY","Averageofdrugdeathrate"],"rawHeaders":["COUNTY","Averageofdrugdeathrate"]},"format":{"type":"TABLE"},"headerInfo":[{"alias":"COUNTY","header":"COUNTY","type":"STRING","derived":false},{"alias":"Averageofdrugdeathrate","header":"Averageofdrugdeathrate","calculatedBy":"drugdeathrate","math":"Average","groupBy":["COUNTY"],"type":"STRING","derived":true}],"sortInfo":[],"numCollected":500,"taskOptions":{"0":{"layout":"Choropleth","alignment":{"label":["COUNTY"],"value":["Averageofdrugdeathrate"],"facet":[]}}},"filterInfo":[],"taskId":"task1"},"operationType":["TASK_DATA"]},{"pixelExpression":"Panel ( 0 ) | Clone ( 1 ) ;","isMeta":false,"output":{"original":{"panelId":"0","panelLabel":"Drug Death Rate per 100K Population","view":"visualization","viewOptions":"{\"type\":\"echarts\"}","viewOptionsMap":{"federate-view":{"app_id":"0d67d486-7a80-4a85-8277-0773a3fcf22b"},"visualization":{"type":"echarts"}},"ornaments":{"tools":{"shared":{"chloroType":"Counties"}}},"events":{"onSingleClick":{"Unfilter":[{"disabledVisuals":["Grid","Sunburst"],"default":true,"query":"UnfilterFrame(<SelectedColumn>);","options":{},"refresh":false,"disabled":false,"panel":""}]},"onBrush":{"Filter":[{"default":true,"query":"if(IsEmpty(<SelectedValues>), UnfilterFrame(<SelectedColumn>), SetFrameFilter(<SelectedColumn>==<SelectedValues>));","options":{},"refresh":false,"disabled":false,"panel":""}]}},"grf":[],"orderBys":[],"comments":{},"position":{},"colorByValue":{}},"clone":{"panelId":"1","panelLabel":"Drug Death Rate per 100K Population Clone","view":"visualization","viewOptions":"{\"type\":\"echarts\"}","viewOptionsMap":{"federate-view":{"app_id":"0d67d486-7a80-4a85-8277-0773a3fcf22b"},"visualization":{"type":"echarts"}},"ornaments":{"tools":{"shared":{"chloroType":"Counties"}}},"events":{"onSingleClick":{"Unfilter":[{"disabledVisuals":["Grid","Sunburst"],"default":true,"query":"UnfilterFrame(<SelectedColumn>);","options":{},"refresh":false,"disabled":false,"panel":""}]},"onBrush":{"Filter":[{"default":true,"query":"if(IsEmpty(<SelectedValues>), UnfilterFrame(<SelectedColumn>), SetFrameFilter(<SelectedColumn>==<SelectedValues>));","options":{},"refresh":false,"disabled":false,"panel":""}]}},"grf":[],"orderBys":[],"comments":{},"position":{},"colorByValue":{}}},"operationType":["PANEL_CLONE"]}]}