{"engineId":"0d67d486-7a80-4a85-8277-0773a3fcf22b","engineName":"County_Opioid","rdbmsId":"4d0f7941-aa2b-4665-97af-9af763e161ee","varstore":{},"frames":[{"file":"@BaseFolder@/db/@ENGINE@/version/4d0f7941-aa2b-4665-97af-9af763e161ee/FRAME386595.rda","meta":"@BaseFolder@/db/@ENGINE@/version/4d0f7941-aa2b-4665-97af-9af763e161ee/METADATA__FRAME386595.owl","state":"@BaseFolder@/db/@ENGINE@/version/4d0f7941-aa2b-4665-97af-9af763e161ee/FRAME_STATE__FRAME386595.json","type":"prerna.ds.r.RDataTable","name":"FRAME386595","keys":["FRAME386595","$CUR_FRAME_KEY"]}],"panels":[{"panelId":"0","panelLabel":"Physicians Licensed to Administer Buprenorphine in 2017","view":"visualization","viewOptions":"{\"type\":\"echarts\"}","viewOptionsMap":"{\"federate-view\":{\"app_id\":\"0d67d486-7a80-4a85-8277-0773a3fcf22b\"},\"visualization\":{\"type\":\"echarts\"}}","ornaments":"{\"tools\":{\"shared\":{\"toggleAverage\":true}}}","events":"{\"onSingleClick\":{\"Unfilter\":[{\"disabledVisuals\":[\"Grid\",\"Sunburst\"],\"default\":true,\"query\":\"UnfilterFrame(<SelectedColumn>);\",\"options\":{},\"refresh\":false,\"disabled\":false,\"panel\":\"\"}]},\"onBrush\":{\"Filter\":[{\"default\":true,\"query\":\"if(IsEmpty(<SelectedValues>), UnfilterFrame(<SelectedColumn>), SetFrameFilter(<SelectedColumn>==<SelectedValues>));\",\"options\":{},\"refresh\":false,\"disabled\":false,\"panel\":\"\"}]}}","comments":"{}","position":"{}","filters":[],"order":[],"cbv":{}},{"panelId":"1","panelLabel":"State Filter","view":"DashboardFilter","viewOptions":null,"viewOptionsMap":"{\"federate-view\":{\"app_id\":\"0d67d486-7a80-4a85-8277-0773a3fcf22b\"},\"visualization\":{\"type\":\"echarts\"}}","ornaments":"{\"tools\":{\"shared\":{\"toggleAverage\":true}},\"dashboardFilter\":{\"instances\":[\"STATE_1\"],\"viewType\":\"List\",\"singleSelect\":\"Multi Select\"}}","events":"{\"onSingleClick\":{\"Unfilter\":[{\"disabledVisuals\":[\"Grid\",\"Sunburst\"],\"default\":true,\"query\":\"UnfilterFrame(<SelectedColumn>);\",\"options\":{},\"refresh\":false,\"disabled\":false,\"panel\":\"\"}]},\"onBrush\":{\"Filter\":[{\"default\":true,\"query\":\"if(IsEmpty(<SelectedValues>), UnfilterFrame(<SelectedColumn>), SetFrameFilter(<SelectedColumn>==<SelectedValues>));\",\"options\":{},\"refresh\":false,\"disabled\":false,\"panel\":\"\"}]}}","comments":"{}","position":"{}","filters":[],"order":[],"cbv":{}}],"tasks":{"tasks":[{"type":"basic","task":{"taskType":"basic","id":"task1","numCollected":500,"internalOffset":0,"taskOptions":"{\"options\":{\"0\":{\"layout\":\"Grid\",\"alignment\":{\"label\":[\"COUNTY\",\"COUNTYDATAPIVOTED\",\"STATEABBREVIATION\",\"STATE_1\",\"YEAR\",\"bup_phys\"]}}}}","qs":{"qsType":"FRAME","isDistinct":true,"overrideImplicit":false,"limit":0,"offset":0,"relations":"[]","selectors":["COLUMN",{"table":"FRAME386595","column":"COUNTY","alias":"COUNTY","tableAlias":null},"COLUMN",{"table":"FRAME386595","column":"COUNTYDATAPIVOTED","alias":"COUNTYDATAPIVOTED","tableAlias":null},"COLUMN",{"table":"FRAME386595","column":"STATEABBREVIATION","alias":"STATEABBREVIATION","tableAlias":null},"COLUMN",{"table":"FRAME386595","column":"STATE_1","alias":"STATE_1","tableAlias":null},"COLUMN",{"table":"FRAME386595","column":"YEAR","alias":"YEAR","tableAlias":null},"COLUMN",{"table":"FRAME386595","column":"bup_phys","alias":"bup_phys","tableAlias":null}],"implicitFilters":["SIMPLE",{"left":{"pixelType":"COLUMN","class":"prerna.query.querystruct.selectors.QueryColumnSelector","value":["COLUMN",{"table":"bup_phys","column":"PRIM_KEY_PLACEHOLDER","alias":"bup_phys","tableAlias":null}],"opType":["OPERATION"]},"comparator":"!=","right":{"pixelType":"NULL_VALUE","class":null,"value":[null],"opType":["OPERATION"]}}]}}},{"type":"basic","task":{"taskType":"basic","id":"task3","numCollected":500,"internalOffset":0,"taskOptions":"{\"options\":{\"0\":{\"layout\":\"Area\",\"alignment\":{\"tooltip\":[],\"label\":[\"COUNTY\"],\"value\":[\"Averageofbup_phys\"],\"facet\":[]}}}}","qs":{"qsType":"FRAME","isDistinct":true,"overrideImplicit":false,"limit":0,"offset":0,"relations":"[]","groups":["{\"column\":\"PRIM_KEY_PLACEHOLDER\",\"table\":\"COUNTY\",\"alias\":\"\"}"],"selectors":["COLUMN",{"table":"COUNTY","column":"PRIM_KEY_PLACEHOLDER","alias":"COUNTY","tableAlias":null},"FUNCTION",{"alias":"Averageofbup_phys","function":"mean","distinct":false,"colCast":"","innerSelectors":["COLUMN",{"table":"bup_phys","column":"PRIM_KEY_PLACEHOLDER","alias":"bup_phys","tableAlias":null}]}]}}},{"type":"basic","task":{"taskType":"basic","id":"task5","numCollected":500,"internalOffset":0,"taskOptions":"{\"options\":{\"0\":{\"layout\":\"Area\",\"alignment\":{\"label\":[\"COUNTY\"],\"value\":[\"Averageofbup_phys\"]}}}}","qs":{"qsType":"FRAME","isDistinct":true,"overrideImplicit":false,"limit":0,"offset":0,"relations":"[]","groups":["{\"column\":\"PRIM_KEY_PLACEHOLDER\",\"table\":\"COUNTY\",\"alias\":\"\"}"],"selectors":["COLUMN",{"table":"COUNTY","column":"PRIM_KEY_PLACEHOLDER","alias":"COUNTY","tableAlias":null},"FUNCTION",{"alias":"Averageofbup_phys","function":"mean","distinct":false,"colCast":"","innerSelectors":["COLUMN",{"table":"bup_phys","column":"PRIM_KEY_PLACEHOLDER","alias":"bup_phys","tableAlias":null}]}],"implicitFilters":["SIMPLE",{"left":{"pixelType":"COLUMN","class":"prerna.query.querystruct.selectors.QueryColumnSelector","value":["COLUMN",{"table":"bup_phys","column":"PRIM_KEY_PLACEHOLDER","alias":"bup_phys","tableAlias":null}],"opType":["OPERATION"]},"comparator":"!=","right":{"pixelType":"NULL_VALUE","class":null,"value":[null],"opType":["OPERATION"]}}]}}}],"taskCounter":6},"recipe":["AddPanel ( 0 ) ;","Panel ( 0 ) | AddPanelEvents ( { \"onSingleClick\" : { \"Unfilter\" : [ { \"panel\" : \"\" , \"query\" : \"UnfilterFrame(%3CSelectedColumn%3E)%3B\" , \"options\" : { } , \"refresh\" : false , \"default\" : true , \"disabledVisuals\" : [ \"Grid\" , \"Sunburst\" ] , \"disabled\" : false } ] } , \"onBrush\" : { \"Filter\" : [ { \"panel\" : \"\" , \"query\" : \"if(IsEmpty(%3CSelectedValues%3E)%2C%20UnfilterFrame(%3CSelectedColumn%3E)%2C%20SetFrameFilter(%3CSelectedColumn%3E%3D%3D%3CSelectedValues%3E))%3B\" , \"options\" : { } , \"refresh\" : false , \"default\" : true , \"disabled\" : false } ] } } ) ;","Panel ( 0 ) | RetrievePanelEvents ( ) ;","Panel ( 0 ) | SetPanelView ( \"visualization\" , \"%7B%22type%22%3A%22echarts%22%7D\" ) ;","Panel ( 0 ) | SetPanelView ( \"federate-view\" , \"%7B%22app_id%22%3A%220d67d486-7a80-4a85-8277-0773a3fcf22b%22%7D\" ) ;","CreateFrame ( frameType = [ R ] , override = [ true ] ) .as ( [ 'FRAME386595' ] ) ;","Database ( database = [ \"0d67d486-7a80-4a85-8277-0773a3fcf22b\" ] ) | Select ( COUNTYDATAPIVOTED , COUNTYDATAPIVOTED__COUNTY , COUNTYDATAPIVOTED__STATEABBREVIATION , COUNTYDATAPIVOTED__STATE_1 , COUNTYDATAPIVOTED__YEAR , COUNTYDATAPIVOTED__bup_phys ) .as ( [ COUNTYDATAPIVOTED , COUNTY , STATEABBREVIATION , STATE_1 , YEAR , bup_phys ] ) | Import ( frame = [ FRAME386595 ] ) ;","Panel ( 0 ) | SetPanelView ( \"visualization\" ) ;","Frame ( frame = [ FRAME386595 ] ) | QueryAll ( ) | AutoTaskOptions ( panel = [ \"0\" ] , layout = [ \"Grid\" ] ) | Collect ( 500 ) ;","Panel ( 0 ) | SetPanelView ( \"visualization\" , \"%7B%22type%22%3A%22echarts%22%7D\" ) ;","if ( ( HasDuplicates ( COUNTY ) ) , ( Select ( COUNTY , Average ( bup_phys ) ) .as ( [ COUNTY , Averageofbup_phys ] ) | Group ( COUNTY ) | With ( Panel ( 0 ) ) | Format ( type = [ 'table' ] ) | TaskOptions ( { \"0\" : { \"layout\" : \"Area\" , \"alignment\" : { \"label\" : [ \"COUNTY\" ] , \"value\" : [ \"Averageofbup_phys\" ] , \"tooltip\" : [ ] , \"facet\" : [ ] } } } ) | Collect ( 500 ) ) , ( Select ( COUNTY , bup_phys ) .as ( [ COUNTY , bup_phys ] ) | With ( Panel ( 0 ) ) | Format ( type = [ 'table' ] ) | TaskOptions ( { \"0\" : { \"layout\" : \"Area\" , \"alignment\" : { \"label\" : [ \"COUNTY\" ] , \"value\" : [ \"bup_phys\" ] , \"tooltip\" : [ ] , \"facet\" : [ ] } } } ) | Collect ( 500 ) ) ) ;","Panel ( 0 ) | AddPanelOrnaments ( { \"tools\" : { \"shared\" : { \"toggleAverage\" : true } } } ) ;","Panel ( 0 ) | RetrievePanelOrnaments ( \"tools.shared.toggleAverage\" ) ;","ReplaceFrameFilter ( ( bup_phys != [ null ] ) ) ;","ifError ( ( Frame ( ) | Select ( COUNTY , Average ( bup_phys ) ) .as ( [ COUNTY , Averageofbup_phys ] ) | Group ( COUNTY ) | With ( Panel ( 0 ) ) | Format ( type = [ 'table' ] ) | TaskOptions ( { \"0\" : { \"layout\" : \"Area\" , \"alignment\" : { \"label\" : [ \"COUNTY\" ] , \"value\" : [ \"Averageofbup_phys\" ] } } } ) | Collect ( 500 ) ) , ( true ) ) ;","Panel ( 0 ) | Clone ( 1 ) ;","Panel ( 1 ) | SetPanelView ( \"DashboardFilter\" ) ;","Panel ( 1 ) | AddPanelOrnaments ( { \"dashboardFilter\" : { \"singleSelect\" : \"Multi Select\" , \"viewType\" : \"List\" , \"instances\" : [ \"STATE_1\" ] } } ) | RetrievePanelOrnaments ( \"dashboardFilter\" ) ;","Panel ( 1 ) | SetPanelLabel ( \"State Filter\" ) ;","Panel ( 0 ) | SetPanelLabel ( \"Physicians Licensed to Administer Buprenorphine in 2017\" ) ;"]}