{"insightID":"d347938a-e37e-43bb-a24f-0e6b236f9a0e","pixelReturn":[{"pixelExpression":"ifError ( ( Frame ( ) | Select ( COUNTY , Average ( bup_phys ) ) .as ( [ COUNTY , Averageofbup_phys ] ) | Group ( COUNTY ) | With ( Panel ( 0 ) ) | Format ( type = [ 'table' ] ) | TaskOptions ( { \"0\" : { \"layout\" : \"Area\" , \"alignment\" : { \"label\" : [ \"COUNTY\" ] , \"value\" : [ \"Averageofbup_phys\" ] } } } ) | Collect ( 500 ) ) , ( true ) ) ;","isMeta":false,"output":{"data":{"values":[["Abbeville",0.0],["Acadia_Parish",0.0],["Accomack",2.0],["Ada",37.0],["Adair",1.25],["Adams",3.5],["Addison",3.0],["Adjuntas_Municipio",3.0],["Aguada_Municipio",1.0],["Aguadilla_Municipio",3.0],["Aguas_Buenas_Municipio",0.0],["Aibonito_Municipio",1.0],["Aiken",4.0],["Aitkin",0.0],["Alachua",41.0],["Alamance",4.0],["Alameda",105.0],["Alamosa",1.0],["Albany",21.0],["Albemarle",1.0],["Alcona",0.0],["Alcorn",3.0],["Aleutians_East_Borough",0.0],["Aleutians_West_Census_Area",1.0],["Alexander",0.5],["Alexandria_city",12.0],["Alfalfa",0.0],["Alger",0.0],["Allamakee",0.0],["Allegan",0.0],["Allegany",8.0],["Alleghany",1.0],["Allegheny",231.0],["Allen",10.25],["Allen_Parish",0.0],["Allendale",0.0],["Alpena",3.0],["Alpine",0.0],["Amador",4.0],["Amelia",0.0],["Amherst",0.0],["Amite",0.0],["Anasco_Municipio",4.0],["Anchorage_Municipality",48.0],["Anderson",2.8],["Andrew",0.0],["Andrews",0.0],["Androscoggin",9.0],["Angelina",0.0],["Anne_Arundel",41.0],["Anoka",7.0],["Anson",0.0],["Antelope",0.0],["Antrim",1.0],["Apache",3.0],["Appanoose",0.0],["Appling",5.0],["Appomattox",0.0],["Aransas",0.0],["Arapahoe",27.0],["Archer",0.0],["Archuleta",0.0],["Arecibo_Municipio",5.0],["Arenac",0.0],["Arkansas",0.0],["Arlington",10.0],["Armstrong",1.0],["Aroostook",11.0],["Arroyo_Municipio",2.0],["Arthur",0.0],["Ascension_Parish",2.0],["Ashe",0.0],["Ashland",1.0],["Ashley",0.0],["Ashtabula",7.0],["Asotin",0.0],["Assumption_Parish",0.0],["Atascosa",0.0],["Atchison",1.0],["Athens",9.0],["Atkinson",0.0],["Atlantic",47.0],["Atoka",0.0],["Attala",0.0],["Audrain",1.0],["Audubon",0.0],["Auglaize",0.0],["Augusta",2.0],["Aurora",0.0],["Austin",0.0],["Autauga",2.0],["Avery",0.0],["Avoyelles_Parish",1.0],["Baca",0.0],["Bacon",2.0],["Bailey",0.0],["Baker",0.6666666666666666],["Baldwin",7.0],["Ballard",0.0],["Baltimore",125.0],["Baltimore_city",216.0],["Bamberg",1.0],["Bandera",0.0],["Banks",0.0],["Banner",0.0],["Bannock",5.0],["Baraga",1.0],["Barber",0.0],["Barbour",0.0],["Barceloneta_Municipio",3.0],["Barnes",0.0],["Barnstable",39.0],["Barnwell",0.0],["Barranquitas_Municipio",1.0],["Barren",3.0],["Barron",0.0],["Barrow",1.0],["Barry",0.5],["Bartholomew",3.0],["Barton",0.0],["Bartow",2.0],["Bastrop",5.0],["Bates",1.0],["Bath",1.0],["Baxter",1.0],["Bay",14.0],["Bayamon_Municipio",31.0],["Bayfield",0.0],["Baylor",1.0],["Beadle",0.0],["Bear_Lake",1.0],["Beaufort",8.0],["Beauregard_Parish",1.0],["Beaver",6.666666666666667],["Beaverhead",0.0],["Becker",1.0],["Beckham",0.0],["Bedford",1.3333333333333333],["Bee",0.0],["Belknap",4.0],["Bell",5.5],["Belmont",10.0],["Beltrami",3.0],["Ben_Hill",1.0],["Benewah",0.0],["Bennett",1.0],["Bennington",3.0],["Benson",0.0],["Bent",0.0],["Benton",3.7777777777777777],["Benzie",0.0],["Bergen",91.0],["Berkeley",11.0],["Berks",29.0],["Berkshire",42.0],["Bernalillo",127.0],["Berrien",2.0],["Bertie",1.0],["Bethel_Census_Area",4.0],["Bexar",75.0],["Bibb",10.0],["Bienville_Parish",0.0],["Big_Horn",0.5],["Big_Stone",0.0],["Billings",0.0],["Bingham",1.0],["Black_Hawk",3.0],["Blackford",0.0],["Bladen",0.0],["Blaine",0.5],["Blair",14.0],["Blanco",0.0],["Bland",0.0],["Bleckley",1.0],["Bledsoe",0.0],["Blount",5.5],["Blue_Earth",1.0],["Boise",0.0],["Bolivar",0.0],["Bollinger",0.0],["Bon_Homme",0.0],["Bond",1.0],["Bonner",6.0],["Bonneville",6.0],["Boone",3.25],["Borden",0.0],["Bosque",0.0],["Bossier_Parish",14.0],["Botetourt",0.0],["Bottineau",0.0],["Boulder",24.0],["Boundary",0.0],["Bourbon",4.0],["Bowie",4.0],["Bowman",0.0],["Box_Butte",1.0],["Box_Elder",0.0],["Boyd",11.5],["Boyle",18.0],["Bracken",0.0],["Bradford",2.0],["Bradley",2.5],["Branch",2.0],["Brantley",0.0],["Braxton",0.0],["Brazoria",14.0],["Brazos",3.0],["Breathitt",8.0],["Breckinridge",0.0],["Bremer",0.0],["Brevard",47.0],["Brewster",0.0],["Briscoe",0.0],["Bristol",56.5],["Bristol_Bay_Borough",0.0],["Bristol_city",0.0],["Broadwater",0.0],["Bronx",170.0],["Brooke",0.0],["Brookings",0.0],["Brooks",0.0],["Broome",14.0],["Broomfield",1.0],["Broward",172.0],["Brown",0.8888888888888888],["Brule",0.0],["Brunswick",7.5],["Bryan",2.0],["Bucha",2.0],["Buckingham",0.0],["Bucks",58.0],["Buena_Vista",0.0],["Buena_Vista_city",0.0],["Buffalo",0.3333333333333333],["Bullitt",2.0],["Bulloch",7.0],["Bullock",0.0],["Buncombe",33.0],["Bureau",2.0],["Burke",3.6666666666666665],["Burleigh",5.0],["Burleson",0.0],["Burlington",63.0],["Burnet",2.0],["Burnett",1.0],["Burt",0.0],["Butler",11.625],["Butte",7.666666666666667],["Butts",0.0],["Cabarrus",9.0],["Cabell",40.0],["Cabo_Rojo_Municipio",9.0],["Cache",7.0],["Caddo",0.0],["Caddo_Parish",20.0],["Caguas_Municipio",16.0],["Calaveras",2.0],["Calcasieu_Parish",21.0],["Caldwell",0.5],["Caldwell_Parish",0.0],["Caledonia",3.0],["Calhoun",1.7272727272727273],["Callahan",0.0],["Callaway",0.0],["Calloway",1.0],["Calumet",0.0],["Calvert",8.0],["Camas",0.0],["Cambria",12.0],["Camden",29.0],["Cameron",6.5],["Cameron_Parish",0.0],["Camp",0.0],["Campbell",2.4],["Camuy_Municipio",2.0],["Canadian",1.0],["Candler",0.0],["Cannon",0.0],["Canovanas_Municipio",4.0],["Canyon",5.0],["Cape_Girardeau",1.0],["Cape_May",8.0],["Carbon",3.0],["Caribou",1.0],["Carlisle",0.0],["Carlton",0.0],["Carolina_Municipio",19.0],["Caroline",0.5],["Carroll",2.6923076923076925],["Carson",0.0],["Carson_City",5.0],["Carter",1.2],["Carteret",5.0],["Carver",0.0],["Cascade",4.0],["Casey",1.0],["Cass",1.7777777777777777],["Cassia",0.0],["Castro",0.0],["Caswell",0.0],["Catahoula_Parish",0.0],["Catano_Municipio",2.0],["Catawba",13.0],["Catoosa",3.0],["Catron",0.0],["Cattaraugus",1.0],["Cavalier",0.0],["Cayey_Municipio",4.0],["Cayuga",3.0],["Cecil",19.0],["Cedar",0.3333333333333333],["Ceiba_Municipio",1.0],["Centre",17.0],["Cerro_Gordo",3.0],["Chaffee",2.0],["Chambers",1.0],["Champaign",5.5],["Chariton",0.0],["Charles",11.0],["Charles_City",0.0],["Charles_Mix",0.0],["Charleston",35.0],["Charlevoix",1.0],["Charlotte",8.5],["Charlottesville_city",4.0],["Charlton",0.0],["Chase",0.0],["Chatham",12.5],["Chattahoochee",1.0],["Chattooga",0.0],["Chautauqua",5.5],["Chaves",3.0],["Cheatham",0.0],["Cheboygan",0.0],["Chego",3.0],["Chelan",9.0],["Chemung",5.0],["Cherokee",2.125],["Cherry",0.0],["Chesapeake_city",10.0],["Cheshire",7.0],["Chester",12.0],["Chesterfield",13.0],["Cheyenne",0.3333333333333333],["Chickasaw",0.0],["Chicot",0.0],["Childress",0.0],["Chilton",1.0],["Chippewa",1.3333333333333333],["Chisago",3.0],["Chittenden",22.0],["Choctaw",0.0],["Chouteau",0.0],["Chowan",0.0],["Christian",2.3333333333333335],["Churchill",3.0],["Ciales_Municipio",0.0],["Cibola",1.0],["Cidra_Municipio",7.0],["Cimarron",1.0],["Citrus",4.0],["Clackamas",21.0],["Claiborne",0.5],["Claiborne_Parish",0.0],["Clallam",12.0],["Clare",0.0],["Clarendon",0.0],["Clarion",1.0],["Clark",17.166666666666668],["Clarke",2.2],["Clatsop",1.0],["Clay",2.3333333333333335],["Clayton",3.5],["Clear_Creek",0.0],["Clearfield",7.0],["Clearwater",0.0],["Cleburne",0.5],["Clermont",6.0],["Cleveland",8.666666666666666],["Clinch",0.0],["Clinton",2.3333333333333335],["Cloud",0.0],["Coahoma",1.0],["Coal",0.0],["Coamo_Municipio",3.0],["Cobb",58.0],["Cochise",2.0],["Cochran",0.0],["Cocke",2.0],["Coconino",6.0],["Codington",0.0],["Coffee",6.666666666666667],["Coffey",0.0],["Coke",0.0],["Colbert",4.0],["Cole",0.0],["Coleman",0.0],["Coles",2.0],["Colfax",0.5],["Colleton",2.0],["Collier",27.0],["Collin",42.0],["Collingsworth",0.0],["Colonial_Heights_city",1.0],["Colorado",0.0],["Colquitt",2.0],["Columbia",3.5],["Columbiana",8.0],["Columbus",1.0],["Colusa",1.0],["Comal",8.0],["Comanche",2.0],["Comerio_Municipio",1.0],["Concho",1.0],["Concordia_Parish",1.0],["Conecuh",1.0],["Conejos",0.0],["Contra_Costa",82.0],["Converse",1.0],["Conway",1.0],["Cook",109.0],["Cooke",0.0],["Cooper",0.0],["Coos",2.0],["Coosa",0.0],["Copiah",0.0],["Corozal_Municipio",2.0],["Corson",0.0],["Cortland",2.0],["Coryell",0.0],["Coshocton",0.0],["Costilla",0.0],["Cottle",0.0],["Cotton",0.0],["Cottonwood",0.0],["Covington",1.5],["Covington_city",2.0],["Coweta",3.0],["Cowley",0.0],["Cowlitz",2.0],["Craig",0.0],["Craighead",8.0],["Crane",0.0],["Craven",2.0],["Crawford",1.4545454545454546],["Creek",3.0],["Crenshaw",0.0],["Crisp",0.0],["Crittenden",1.5],["Crockett",0.0],["Crook",0.0],["Crosby",0.0],["Cross",0.0],["Crow_Wing",0.0],["Crowley",0.0],["Culberson",0.0],["Culebra_Municipio",0.0],["Cullman",7.0],["Culpeper",4.0],["Cumberland",16.25],["Cuming",0.0],["Currituck",0.0],["Curry",2.0],["Custer",0.3333333333333333],["Cuyahoga",109.0],["Dade",0.0],["Daggett",0.0],["Dakota",8.0],["Dale",1.0],["Dallam",0.0],["Dallas",23.6],["Dane",50.0],["Daniels",0.0],["Danville_city",3.0],["Dare",2.0],["Darke",0.0],["Darlington",0.0],["Dauphin",14.0],["Davidson",58.0],["Davie",0.0],["Daviess",3.0],["Davis",10.0],["Davison",0.0],["Dawes",0.0],["Dawson",1.25],["Day",0.0],["DeKalb",9.666666666666666],["DeSoto",8.5],["DeWitt",0.0],["De_Baca",0.0],["De_Soto_Parish",0.0],["De_Witt",1.0],["Deaf_Smith",0.0],["Dearborn",8.0],["Decatur",1.0],["Deer_Lodge",1.0],["Defiance",2.0],["Del_Norte",2.0],["Delaware",15.5],["Delta",0.0]],"headers":["COUNTY","Averageofbup_phys"],"rawHeaders":["COUNTY","Averageofbup_phys"]},"format":{"type":"TABLE"},"headerInfo":[{"alias":"COUNTY","header":"COUNTY","type":"STRING","derived":false},{"alias":"Averageofbup_phys","header":"Averageofbup_phys","calculatedBy":"bup_phys","math":"Average","groupBy":["COUNTY"],"type":"STRING","derived":true}],"sortInfo":[],"numCollected":500,"taskOptions":{"0":{"layout":"Area","alignment":{"label":["COUNTY"],"value":["Averageofbup_phys"]}}},"filterInfo":[],"taskId":"task1"},"operationType":["TASK_DATA"]},{"pixelExpression":"Panel ( 0 ) | Clone ( 1 ) ;","isMeta":false,"output":{"original":{"panelId":"0","panelLabel":"Physicians Licensed to Administer Buprenorphine in 2017","view":"visualization","viewOptions":"{\"type\":\"echarts\"}","viewOptionsMap":{"federate-view":{"app_id":"0d67d486-7a80-4a85-8277-0773a3fcf22b"},"visualization":{"type":"echarts"}},"ornaments":{"tools":{"shared":{"toggleAverage":true}}},"events":{"onSingleClick":{"Unfilter":[{"disabledVisuals":["Grid","Sunburst"],"default":true,"query":"UnfilterFrame(<SelectedColumn>);","options":{},"refresh":false,"disabled":false,"panel":""}]},"onBrush":{"Filter":[{"default":true,"query":"if(IsEmpty(<SelectedValues>), UnfilterFrame(<SelectedColumn>), SetFrameFilter(<SelectedColumn>==<SelectedValues>));","options":{},"refresh":false,"disabled":false,"panel":""}]}},"grf":[],"orderBys":[],"comments":{},"position":{},"colorByValue":{}},"clone":{"panelId":"1","panelLabel":"Physicians Licensed to Administer Buprenorphine in 2017 Clone","view":"visualization","viewOptions":"{\"type\":\"echarts\"}","viewOptionsMap":{"federate-view":{"app_id":"0d67d486-7a80-4a85-8277-0773a3fcf22b"},"visualization":{"type":"echarts"}},"ornaments":{"tools":{"shared":{"toggleAverage":true}}},"events":{"onSingleClick":{"Unfilter":[{"disabledVisuals":["Grid","Sunburst"],"default":true,"query":"UnfilterFrame(<SelectedColumn>);","options":{},"refresh":false,"disabled":false,"panel":""}]},"onBrush":{"Filter":[{"default":true,"query":"if(IsEmpty(<SelectedValues>), UnfilterFrame(<SelectedColumn>), SetFrameFilter(<SelectedColumn>==<SelectedValues>));","options":{},"refresh":false,"disabled":false,"panel":""}]}},"grf":[],"orderBys":[],"comments":{},"position":{},"colorByValue":{}}},"operationType":["PANEL_CLONE"]}]}