{"engineId":"0d67d486-7a80-4a85-8277-0773a3fcf22b","engineName":"County_Opioid","rdbmsId":"f0d44576-efb5-494d-8272-e03594f94027","varstore":{},"frames":[{"file":"@BaseFolder@/db/@ENGINE@/version/f0d44576-efb5-494d-8272-e03594f94027/FRAME668634.gz","meta":"@BaseFolder@/db/@ENGINE@/version/f0d44576-efb5-494d-8272-e03594f94027/METADATA__FRAME668634.owl","state":"@BaseFolder@/db/@ENGINE@/version/f0d44576-efb5-494d-8272-e03594f94027/FRAME_STATE__FRAME668634.json","type":"prerna.ds.h2.H2Frame","name":"FRAME668634","keys":["$CUR_FRAME_KEY","FRAME668634"]}],"panels":[{"panelId":"0","panelLabel":"Counties Providing MAT","view":"visualization","viewOptions":"{\"type\":\"echarts\"}","viewOptionsMap":"{\"federate-view\":{\"app_id\":\"0d67d486-7a80-4a85-8277-0773a3fcf22b\"},\"visualization\":{\"type\":\"echarts\"}}","ornaments":"{\"tools\":{\"shared\":{\"chloroType\":\"Counties\"}}}","events":"{\"onSingleClick\":{\"Unfilter\":[{\"disabledVisuals\":[\"Grid\",\"Sunburst\"],\"default\":true,\"query\":\"UnfilterFrame(<SelectedColumn>);\",\"options\":{},\"refresh\":false,\"disabled\":false,\"panel\":\"\"}]},\"onBrush\":{\"Filter\":[{\"default\":true,\"query\":\"if(IsEmpty(<SelectedValues>), UnfilterFrame(<SelectedColumn>), SetFrameFilter(<SelectedColumn>==<SelectedValues>));\",\"options\":{},\"refresh\":false,\"disabled\":false,\"panel\":\"\"}]}}","comments":"{}","position":"{}","filters":[],"order":[],"cbv":{}},{"panelId":"1","panelLabel":"Filter by Year","view":"DashboardFilter","viewOptions":null,"viewOptionsMap":"{\"federate-view\":{\"app_id\":\"0d67d486-7a80-4a85-8277-0773a3fcf22b\"},\"visualization\":{\"type\":\"echarts\"}}","ornaments":"{\"tools\":{\"shared\":{\"chloroType\":\"Counties\"}},\"dashboardFilter\":{\"instances\":[\"YEAR\"],\"viewType\":\"List\",\"singleSelect\":\"Single Select\"}}","events":"{\"onSingleClick\":{\"Unfilter\":[{\"disabledVisuals\":[\"Grid\",\"Sunburst\"],\"default\":true,\"query\":\"UnfilterFrame(<SelectedColumn>);\",\"options\":{},\"refresh\":false,\"disabled\":false,\"panel\":\"\"}]},\"onBrush\":{\"Filter\":[{\"default\":true,\"query\":\"if(IsEmpty(<SelectedValues>), UnfilterFrame(<SelectedColumn>), SetFrameFilter(<SelectedColumn>==<SelectedValues>));\",\"options\":{},\"refresh\":false,\"disabled\":false,\"panel\":\"\"}]}}","comments":"{}","position":"{}","filters":[],"order":[],"cbv":{}},{"panelId":"2","panelLabel":"States providing MAT","view":"visualization","viewOptions":"{\"type\":\"echarts\"}","viewOptionsMap":"{\"federate-view\":{\"app_id\":\"0d67d486-7a80-4a85-8277-0773a3fcf22b\"},\"visualization\":{\"type\":\"echarts\"}}","ornaments":"{\"tools\":{\"shared\":{\"chloroType\":\"Counties\"}},\"dashboardFilter\":{\"instances\":[\"YEAR\"],\"viewType\":\"List\",\"singleSelect\":\"Single Select\"}}","events":"{\"onSingleClick\":{\"Unfilter\":[{\"disabledVisuals\":[\"Grid\",\"Sunburst\"],\"default\":true,\"query\":\"UnfilterFrame(<SelectedColumn>);\",\"options\":{},\"refresh\":false,\"disabled\":false,\"panel\":\"\"}]},\"onBrush\":{\"Filter\":[{\"default\":true,\"query\":\"if(IsEmpty(<SelectedValues>), UnfilterFrame(<SelectedColumn>), SetFrameFilter(<SelectedColumn>==<SelectedValues>));\",\"options\":{},\"refresh\":false,\"disabled\":false,\"panel\":\"\"}]}}","comments":"{}","position":"{}","filters":[],"order":[],"cbv":{}},{"panelId":"3","panelLabel":null,"view":"infographic","viewOptions":"{\"html\":\"<div class=\\\"infographic-single-output\\\"><div class=\\\"infographic-value\\\" style=\\\"font-size: calc(20px + 2.5vmin);\\\"><div class=\\\"infographic-value-text-above\\\">group0</div></div><div class=\\\"infographic-desc\\\" style=\\\"padding-top: 1.5%; font-size: calc(10px + 1.1vmax);\\\">Total Facilities Providing MAT</div></div>\",\"groups\":[{\"id\":\"group0\",\"description\":\"Total Facilities Providing MAT\",\"cmdType\":\"Sum\",\"cmd\":[{\"type\":\"Pixel\",\"components\":[\"Select(Sum(AMAT_fac))\"],\"meta\":true},{\"type\":\"collect\",\"components\":[-1.0],\"terminal\":true}],\"descriptionPosition\":\"Below\",\"dataType\":\"\",\"selectedHeader\":\"AMAT_fac\",\"instance\":\"\",\"label\":\"-No Label-\",\"instances\":[\"-No Instance-\"],\"dataSource\":\"Data from Frame\",\"fileName\":\"\",\"imageurl\":\"\",\"imgId\":\"\",\"decimalFormat\":2.0,\"descriptionFontSize\":36.0,\"dataFontSize\":72.0,\"format\":\"None\",\"customDataFontSize\":false,\"customDescFontSize\":false}]}","viewOptionsMap":"{\"federate-view\":{\"app_id\":\"0d67d486-7a80-4a85-8277-0773a3fcf22b\"},\"visualization\":{\"type\":\"echarts\"},\"infographic\":{\"html\":\"<div class=\\\"infographic-single-output\\\"><div class=\\\"infographic-value\\\" style=\\\"font-size: calc(20px + 2.5vmin);\\\"><div class=\\\"infographic-value-text-above\\\">group0</div></div><div class=\\\"infographic-desc\\\" style=\\\"padding-top: 1.5%; font-size: calc(10px + 1.1vmax);\\\">Total Facilities Providing MAT</div></div>\",\"groups\":[{\"id\":\"group0\",\"description\":\"Total Facilities Providing MAT\",\"cmdType\":\"Sum\",\"cmd\":[{\"type\":\"Pixel\",\"components\":[\"Select(Sum(AMAT_fac))\"],\"meta\":true},{\"type\":\"collect\",\"components\":[-1.0],\"terminal\":true}],\"descriptionPosition\":\"Below\",\"dataType\":\"\",\"selectedHeader\":\"AMAT_fac\",\"instance\":\"\",\"label\":\"-No Label-\",\"instances\":[\"-No Instance-\"],\"dataSource\":\"Data from Frame\",\"fileName\":\"\",\"imageurl\":\"\",\"imgId\":\"\",\"decimalFormat\":2.0,\"descriptionFontSize\":36.0,\"dataFontSize\":72.0,\"format\":\"None\",\"customDataFontSize\":false,\"customDescFontSize\":false}]}}","ornaments":"{\"tools\":{\"shared\":{\"chloroType\":\"Counties\"}},\"dashboardFilter\":{\"instances\":[\"YEAR\"],\"viewType\":\"List\",\"singleSelect\":\"Single Select\"}}","events":"{\"onSingleClick\":{\"Unfilter\":[{\"disabledVisuals\":[\"Grid\",\"Sunburst\"],\"default\":true,\"query\":\"UnfilterFrame(<SelectedColumn>);\",\"options\":{},\"refresh\":false,\"disabled\":false,\"panel\":\"\"}]},\"onBrush\":{\"Filter\":[{\"default\":true,\"query\":\"if(IsEmpty(<SelectedValues>), UnfilterFrame(<SelectedColumn>), SetFrameFilter(<SelectedColumn>==<SelectedValues>));\",\"options\":{},\"refresh\":false,\"disabled\":false,\"panel\":\"\"}]}}","comments":"{}","position":"{}","filters":[],"order":[],"cbv":{}}],"tasks":{"tasks":[{"type":"basic","task":{"taskType":"basic","id":"task1","numCollected":500,"internalOffset":0,"taskOptions":"{\"options\":{\"0\":{\"layout\":\"Grid\",\"alignment\":{\"label\":[\"AMAT_fac\",\"CDC_consult\",\"COUNTY\",\"COUNTYDATAPIVOTED\",\"HCVacute\",\"HCVacuterate\",\"HIVdiagnoses\",\"HIVincidence\",\"HIVprevalence\",\"MH_fac\",\"Med_AMAT_fac\",\"Med_MH_fac\",\"Med_SA_fac\",\"Med_SMAT_fac\",\"Med_TMAT_fac\",\"PLHIV\",\"Population\",\"SA_fac\",\"SMAT_fac\",\"STATEABBREVIATION\",\"STATE_1\",\"TMAT_fac\",\"YEAR\",\"bup_phys\",\"drugdeathrate\",\"drugdeathrate_est\",\"drugdeaths\",\"drugdep\",\"mme_percap\",\"nonmedpain\",\"num_SSPs\",\"partD30dayrxrate\",\"pctunins\",\"pctunmetneed\",\"vulnerable_rank\"]}}}}","qs":{"qsType":"FRAME","isDistinct":true,"overrideImplicit":false,"limit":0,"offset":0,"relations":"[]","selectors":["COLUMN",{"table":"FRAME668634","column":"AMAT_fac","alias":"AMAT_fac","tableAlias":null},"COLUMN",{"table":"FRAME668634","column":"CDC_consult","alias":"CDC_consult","tableAlias":null},"COLUMN",{"table":"FRAME668634","column":"COUNTY","alias":"COUNTY","tableAlias":null},"COLUMN",{"table":"FRAME668634","column":"COUNTYDATAPIVOTED","alias":"COUNTYDATAPIVOTED","tableAlias":null},"COLUMN",{"table":"FRAME668634","column":"HCVacute","alias":"HCVacute","tableAlias":null},"COLUMN",{"table":"FRAME668634","column":"HCVacuterate","alias":"HCVacuterate","tableAlias":null},"COLUMN",{"table":"FRAME668634","column":"HIVdiagnoses","alias":"HIVdiagnoses","tableAlias":null},"COLUMN",{"table":"FRAME668634","column":"HIVincidence","alias":"HIVincidence","tableAlias":null},"COLUMN",{"table":"FRAME668634","column":"HIVprevalence","alias":"HIVprevalence","tableAlias":null},"COLUMN",{"table":"FRAME668634","column":"MH_fac","alias":"MH_fac","tableAlias":null},"COLUMN",{"table":"FRAME668634","column":"Med_AMAT_fac","alias":"Med_AMAT_fac","tableAlias":null},"COLUMN",{"table":"FRAME668634","column":"Med_MH_fac","alias":"Med_MH_fac","tableAlias":null},"COLUMN",{"table":"FRAME668634","column":"Med_SA_fac","alias":"Med_SA_fac","tableAlias":null},"COLUMN",{"table":"FRAME668634","column":"Med_SMAT_fac","alias":"Med_SMAT_fac","tableAlias":null},"COLUMN",{"table":"FRAME668634","column":"Med_TMAT_fac","alias":"Med_TMAT_fac","tableAlias":null},"COLUMN",{"table":"FRAME668634","column":"PLHIV","alias":"PLHIV","tableAlias":null},"COLUMN",{"table":"FRAME668634","column":"Population","alias":"Population","tableAlias":null},"COLUMN",{"table":"FRAME668634","column":"SA_fac","alias":"SA_fac","tableAlias":null},"COLUMN",{"table":"FRAME668634","column":"SMAT_fac","alias":"SMAT_fac","tableAlias":null},"COLUMN",{"table":"FRAME668634","column":"STATEABBREVIATION","alias":"STATEABBREVIATION","tableAlias":null},"COLUMN",{"table":"FRAME668634","column":"STATE_1","alias":"STATE_1","tableAlias":null},"COLUMN",{"table":"FRAME668634","column":"TMAT_fac","alias":"TMAT_fac","tableAlias":null},"COLUMN",{"table":"FRAME668634","column":"YEAR","alias":"YEAR","tableAlias":null},"COLUMN",{"table":"FRAME668634","column":"bup_phys","alias":"bup_phys","tableAlias":null},"COLUMN",{"table":"FRAME668634","column":"drugdeathrate","alias":"drugdeathrate","tableAlias":null},"COLUMN",{"table":"FRAME668634","column":"drugdeathrate_est","alias":"drugdeathrate_est","tableAlias":null},"COLUMN",{"table":"FRAME668634","column":"drugdeaths","alias":"drugdeaths","tableAlias":null},"COLUMN",{"table":"FRAME668634","column":"drugdep","alias":"drugdep","tableAlias":null},"COLUMN",{"table":"FRAME668634","column":"mme_percap","alias":"mme_percap","tableAlias":null},"COLUMN",{"table":"FRAME668634","column":"nonmedpain","alias":"nonmedpain","tableAlias":null},"COLUMN",{"table":"FRAME668634","column":"num_SSPs","alias":"num_SSPs","tableAlias":null},"COLUMN",{"table":"FRAME668634","column":"partD30dayrxrate","alias":"partD30dayrxrate","tableAlias":null},"COLUMN",{"table":"FRAME668634","column":"pctunins","alias":"pctunins","tableAlias":null},"COLUMN",{"table":"FRAME668634","column":"pctunmetneed","alias":"pctunmetneed","tableAlias":null},"COLUMN",{"table":"FRAME668634","column":"vulnerable_rank","alias":"vulnerable_rank","tableAlias":null}],"implicitFilters":["SIMPLE",{"left":{"pixelType":"COLUMN","class":"prerna.query.querystruct.selectors.QueryColumnSelector","value":["COLUMN",{"table":"YEAR","column":"PRIM_KEY_PLACEHOLDER","alias":"YEAR","tableAlias":null}],"opType":["OPERATION"]},"comparator":"==","right":{"pixelType":"CONST_INT","class":"java.lang.Integer","value":[2017],"opType":["OPERATION"]}}]}}},{"type":"basic","task":{"taskType":"basic","id":"task3","numCollected":500,"internalOffset":0,"taskOptions":"{\"options\":{\"0\":{\"layout\":\"Choropleth\",\"alignment\":{\"label\":[\"AMAT_fac\"],\"value\":[\"AverageofCDC_consult\"],\"facet\":[]}}}}","qs":{"qsType":"FRAME","isDistinct":true,"overrideImplicit":false,"limit":0,"offset":0,"relations":"[]","groups":["{\"column\":\"PRIM_KEY_PLACEHOLDER\",\"table\":\"AMAT_fac\",\"alias\":\"\"}"],"selectors":["COLUMN",{"table":"AMAT_fac","column":"PRIM_KEY_PLACEHOLDER","alias":"AMAT_fac","tableAlias":null},"FUNCTION",{"alias":"AverageofCDC_consult","function":"mean","distinct":false,"colCast":"","innerSelectors":["COLUMN",{"table":"CDC_consult","column":"PRIM_KEY_PLACEHOLDER","alias":"CDC_consult","tableAlias":null}]}]}}},{"type":"basic","task":{"taskType":"basic","id":"task5","numCollected":500,"internalOffset":0,"taskOptions":"{\"options\":{\"0\":{\"layout\":\"Choropleth\",\"alignment\":{\"label\":[\"COUNTY\"],\"value\":[\"AverageofAMAT_fac\"],\"facet\":[]}}}}","qs":{"qsType":"FRAME","isDistinct":true,"overrideImplicit":false,"limit":0,"offset":0,"relations":"[]","groups":["{\"column\":\"PRIM_KEY_PLACEHOLDER\",\"table\":\"COUNTY\",\"alias\":\"\"}"],"selectors":["COLUMN",{"table":"COUNTY","column":"PRIM_KEY_PLACEHOLDER","alias":"COUNTY","tableAlias":null},"FUNCTION",{"alias":"AverageofAMAT_fac","function":"mean","distinct":false,"colCast":"","innerSelectors":["COLUMN",{"table":"AMAT_fac","column":"PRIM_KEY_PLACEHOLDER","alias":"AMAT_fac","tableAlias":null}]}]}}},{"type":"basic","task":{"taskType":"basic","id":"task7","numCollected":500,"internalOffset":0,"taskOptions":"{\"options\":{\"2\":{\"layout\":\"Column\",\"alignment\":{\"tooltip\":[],\"label\":[\"COUNTY\"],\"value\":[\"AverageofAMAT_fac\"],\"facet\":[]}}}}","qs":{"qsType":"FRAME","isDistinct":true,"overrideImplicit":false,"limit":0,"offset":0,"relations":"[]","groups":["{\"column\":\"PRIM_KEY_PLACEHOLDER\",\"table\":\"COUNTY\",\"alias\":\"\"}"],"selectors":["COLUMN",{"table":"COUNTY","column":"PRIM_KEY_PLACEHOLDER","alias":"COUNTY","tableAlias":null},"FUNCTION",{"alias":"AverageofAMAT_fac","function":"mean","distinct":false,"colCast":"","innerSelectors":["COLUMN",{"table":"AMAT_fac","column":"PRIM_KEY_PLACEHOLDER","alias":"AMAT_fac","tableAlias":null}]}]}}},{"type":"basic","task":{"taskType":"basic","id":"task9","numCollected":500,"internalOffset":0,"taskOptions":"{\"options\":{\"2\":{\"layout\":\"Column\",\"alignment\":{\"tooltip\":[],\"label\":[\"STATE_1\"],\"value\":[\"AverageofAMAT_fac\"],\"facet\":[]}}}}","qs":{"qsType":"FRAME","isDistinct":true,"overrideImplicit":false,"limit":0,"offset":0,"relations":"[]","groups":["{\"column\":\"PRIM_KEY_PLACEHOLDER\",\"table\":\"STATE_1\",\"alias\":\"\"}"],"selectors":["COLUMN",{"table":"STATE_1","column":"PRIM_KEY_PLACEHOLDER","alias":"STATE_1","tableAlias":null},"FUNCTION",{"alias":"AverageofAMAT_fac","function":"mean","distinct":false,"colCast":"","innerSelectors":["COLUMN",{"table":"AMAT_fac","column":"PRIM_KEY_PLACEHOLDER","alias":"AMAT_fac","tableAlias":null}]}]}}},{"type":"basic","task":{"taskType":"basic","id":"task11","numCollected":500,"internalOffset":0,"taskOptions":"{\"options\":{\"2\":{\"layout\":\"Column\",\"alignment\":{\"label\":[\"STATE_1\"],\"value\":[\"AverageofAMAT_fac\"]}}}}","qs":{"qsType":"FRAME","isDistinct":true,"overrideImplicit":false,"limit":0,"offset":0,"relations":"[]","groups":["{\"column\":\"PRIM_KEY_PLACEHOLDER\",\"table\":\"STATE_1\",\"alias\":\"\"}"],"orders":["{\"sortDir\":\"DESC\",\"column\":\"PRIM_KEY_PLACEHOLDER\",\"table\":\"AverageofAMAT_fac\",\"alias\":\"\"}"],"selectors":["COLUMN",{"table":"STATE_1","column":"PRIM_KEY_PLACEHOLDER","alias":"STATE_1","tableAlias":null},"FUNCTION",{"alias":"AverageofAMAT_fac","function":"mean","distinct":false,"colCast":"","innerSelectors":["COLUMN",{"table":"AMAT_fac","column":"PRIM_KEY_PLACEHOLDER","alias":"AMAT_fac","tableAlias":null}]}]}}},{"type":"basic","task":{"taskType":"basic","id":"task13","numCollected":500,"internalOffset":0,"taskOptions":"{\"options\":{\"0\":{\"layout\":\"Choropleth\",\"alignment\":{\"label\":[\"COUNTY\"],\"value\":[\"AverageofAMAT_fac\"]}}}}","qs":{"qsType":"FRAME","isDistinct":true,"overrideImplicit":false,"limit":0,"offset":0,"relations":"[]","groups":["{\"column\":\"PRIM_KEY_PLACEHOLDER\",\"table\":\"COUNTY\",\"alias\":\"\"}"],"selectors":["COLUMN",{"table":"COUNTY","column":"PRIM_KEY_PLACEHOLDER","alias":"COUNTY","tableAlias":null},"FUNCTION",{"alias":"AverageofAMAT_fac","function":"mean","distinct":false,"colCast":"","innerSelectors":["COLUMN",{"table":"AMAT_fac","column":"PRIM_KEY_PLACEHOLDER","alias":"AMAT_fac","tableAlias":null}]}],"implicitFilters":["SIMPLE",{"left":{"pixelType":"COLUMN","class":"prerna.query.querystruct.selectors.QueryColumnSelector","value":["COLUMN",{"table":"YEAR","column":"PRIM_KEY_PLACEHOLDER","alias":"YEAR","tableAlias":null}],"opType":["OPERATION"]},"comparator":"==","right":{"pixelType":"CONST_INT","class":"java.lang.Integer","value":[2017],"opType":["OPERATION"]}}]}}},{"type":"basic","task":{"taskType":"basic","id":"task15","numCollected":500,"internalOffset":0,"taskOptions":"{\"options\":{\"2\":{\"layout\":\"Column\",\"alignment\":{\"label\":[\"STATE_1\"],\"value\":[\"AverageofAMAT_fac\"]}}}}","qs":{"qsType":"FRAME","isDistinct":true,"overrideImplicit":false,"limit":0,"offset":0,"relations":"[]","groups":["{\"column\":\"PRIM_KEY_PLACEHOLDER\",\"table\":\"STATE_1\",\"alias\":\"\"}"],"orders":["{\"sortDir\":\"DESC\",\"column\":\"PRIM_KEY_PLACEHOLDER\",\"table\":\"AverageofAMAT_fac\",\"alias\":\"\"}"],"selectors":["COLUMN",{"table":"STATE_1","column":"PRIM_KEY_PLACEHOLDER","alias":"STATE_1","tableAlias":null},"FUNCTION",{"alias":"AverageofAMAT_fac","function":"mean","distinct":false,"colCast":"","innerSelectors":["COLUMN",{"table":"AMAT_fac","column":"PRIM_KEY_PLACEHOLDER","alias":"AMAT_fac","tableAlias":null}]}],"implicitFilters":["SIMPLE",{"left":{"pixelType":"COLUMN","class":"prerna.query.querystruct.selectors.QueryColumnSelector","value":["COLUMN",{"table":"YEAR","column":"PRIM_KEY_PLACEHOLDER","alias":"YEAR","tableAlias":null}],"opType":["OPERATION"]},"comparator":"==","right":{"pixelType":"CONST_INT","class":"java.lang.Integer","value":[2017],"opType":["OPERATION"]}}]}}}],"taskCounter":16},"recipe":["AddPanel ( 0 ) ;","Panel ( 0 ) | AddPanelEvents ( { \"onSingleClick\" : { \"Unfilter\" : [ { \"panel\" : \"\" , \"query\" : \"UnfilterFrame(%3CSelectedColumn%3E)%3B\" , \"options\" : { } , \"refresh\" : false , \"default\" : true , \"disabledVisuals\" : [ \"Grid\" , \"Sunburst\" ] , \"disabled\" : false } ] } , \"onBrush\" : { \"Filter\" : [ { \"panel\" : \"\" , \"query\" : \"if(IsEmpty(%3CSelectedValues%3E)%2C%20UnfilterFrame(%3CSelectedColumn%3E)%2C%20SetFrameFilter(%3CSelectedColumn%3E%3D%3D%3CSelectedValues%3E))%3B\" , \"options\" : { } , \"refresh\" : false , \"default\" : true , \"disabled\" : false } ] } } ) ;","Panel ( 0 ) | RetrievePanelEvents ( ) ;","Panel ( 0 ) | SetPanelView ( \"visualization\" , \"%7B%22type%22%3A%22echarts%22%7D\" ) ;","Panel ( 0 ) | SetPanelView ( \"federate-view\" , \"%7B%22app_id%22%3A%220d67d486-7a80-4a85-8277-0773a3fcf22b%22%7D\" ) ;","CreateFrame ( frameType = [ GRID ] ) .as ( [ 'FRAME668634' ] ) ;","Database ( database = [ \"0d67d486-7a80-4a85-8277-0773a3fcf22b\" ] ) | Select ( COUNTYDATAPIVOTED , COUNTYDATAPIVOTED__AMAT_fac , COUNTYDATAPIVOTED__CDC_consult , COUNTYDATAPIVOTED__COUNTY , COUNTYDATAPIVOTED__HCVacute , COUNTYDATAPIVOTED__HCVacuterate , COUNTYDATAPIVOTED__HIVdiagnoses , COUNTYDATAPIVOTED__HIVincidence , COUNTYDATAPIVOTED__HIVprevalence , COUNTYDATAPIVOTED__MH_fac , COUNTYDATAPIVOTED__Med_AMAT_fac , COUNTYDATAPIVOTED__Med_MH_fac , COUNTYDATAPIVOTED__Med_SA_fac , COUNTYDATAPIVOTED__Med_SMAT_fac , COUNTYDATAPIVOTED__Med_TMAT_fac , COUNTYDATAPIVOTED__PLHIV , COUNTYDATAPIVOTED__Population , COUNTYDATAPIVOTED__SA_fac , COUNTYDATAPIVOTED__SMAT_fac , COUNTYDATAPIVOTED__STATEABBREVIATION , COUNTYDATAPIVOTED__STATE_1 , COUNTYDATAPIVOTED__TMAT_fac , COUNTYDATAPIVOTED__YEAR , COUNTYDATAPIVOTED__bup_phys , COUNTYDATAPIVOTED__drugdeathrate , COUNTYDATAPIVOTED__drugdeathrate_est , COUNTYDATAPIVOTED__drugdeaths , COUNTYDATAPIVOTED__drugdep , COUNTYDATAPIVOTED__mme_percap , COUNTYDATAPIVOTED__nonmedpain , COUNTYDATAPIVOTED__num_SSPs , COUNTYDATAPIVOTED__partD30dayrxrate , COUNTYDATAPIVOTED__pctunins , COUNTYDATAPIVOTED__pctunmetneed , COUNTYDATAPIVOTED__vulnerable_rank ) .as ( [ COUNTYDATAPIVOTED , AMAT_fac , CDC_consult , COUNTY , HCVacute , HCVacuterate , HIVdiagnoses , HIVincidence , HIVprevalence , MH_fac , Med_AMAT_fac , Med_MH_fac , Med_SA_fac , Med_SMAT_fac , Med_TMAT_fac , PLHIV , Population , SA_fac , SMAT_fac , STATEABBREVIATION , STATE_1 , TMAT_fac , YEAR , bup_phys , drugdeathrate , drugdeathrate_est , drugdeaths , drugdep , mme_percap , nonmedpain , num_SSPs , partD30dayrxrate , pctunins , pctunmetneed , vulnerable_rank ] ) | Import ( ) ;","Panel ( 0 ) | SetPanelView ( \"visualization\" ) ;","Frame ( ) | QueryAll ( ) | AutoTaskOptions ( panel = [ \"0\" ] , layout = [ \"Grid\" ] ) | Collect ( 500 ) ;","Panel ( 0 ) | SetPanelView ( \"visualization\" , \"%7B%22type%22%3A%22echarts%22%7D\" ) ;","if ( ( HasDuplicates ( AMAT_fac ) ) , ( Select ( AMAT_fac , Average ( CDC_consult ) ) .as ( [ AMAT_fac , AverageofCDC_consult ] ) | Group ( AMAT_fac ) | With ( Panel ( 0 ) ) | Format ( type = [ 'table' ] ) | TaskOptions ( { \"0\" : { \"layout\" : \"Choropleth\" , \"alignment\" : { \"label\" : [ \"AMAT_fac\" ] , \"value\" : [ \"AverageofCDC_consult\" ] , \"facet\" : [ ] } } } ) | Collect ( 500 ) ) , ( Select ( AMAT_fac , CDC_consult ) .as ( [ AMAT_fac , CDC_consult ] ) | With ( Panel ( 0 ) ) | Format ( type = [ 'table' ] ) | TaskOptions ( { \"0\" : { \"layout\" : \"Choropleth\" , \"alignment\" : { \"label\" : [ \"AMAT_fac\" ] , \"value\" : [ \"CDC_consult\" ] , \"facet\" : [ ] } } } ) | Collect ( 500 ) ) ) ;","if ( ( HasDuplicates ( COUNTY ) ) , ( Select ( COUNTY , Average ( AMAT_fac ) ) .as ( [ COUNTY , AverageofAMAT_fac ] ) | Group ( COUNTY ) | With ( Panel ( 0 ) ) | Format ( type = [ 'table' ] ) | TaskOptions ( { \"0\" : { \"layout\" : \"Choropleth\" , \"alignment\" : { \"label\" : [ \"COUNTY\" ] , \"value\" : [ \"AverageofAMAT_fac\" ] , \"facet\" : [ ] } } } ) | Collect ( 500 ) ) , ( Select ( COUNTY , AMAT_fac ) .as ( [ COUNTY , AMAT_fac ] ) | With ( Panel ( 0 ) ) | Format ( type = [ 'table' ] ) | TaskOptions ( { \"0\" : { \"layout\" : \"Choropleth\" , \"alignment\" : { \"label\" : [ \"COUNTY\" ] , \"value\" : [ \"AMAT_fac\" ] , \"facet\" : [ ] } } } ) | Collect ( 500 ) ) ) ;","Panel ( 0 ) | SetPanelView ( \"visualization\" , \"%7B%22type%22%3A%22standard%22%7D\" ) ;","Panel ( 0 ) | AddPanelOrnaments ( { \"tools\" : { \"shared\" : { \"chloroType\" : Counties } } } ) ;","Panel ( 0 ) | RetrievePanelOrnaments ( \"tools.shared.chloroType\" ) ;","Panel ( 0 ) | SetPanelView ( \"visualization\" , \"%7B%22type%22%3A%22echarts%22%7D\" ) ;","Panel ( 0 ) | Clone ( 1 ) ;","Panel ( 1 ) | SetPanelView ( \"DashboardFilter\" ) ;","Panel ( 1 ) | AddPanelOrnaments ( { \"dashboardFilter\" : { \"singleSelect\" : \"Single Select\" , \"viewType\" : \"List\" , \"instances\" : [ \"YEAR\" ] } } ) | RetrievePanelOrnaments ( \"dashboardFilter\" ) ;","Panel ( 1 ) | Clone ( 2 ) ;","Panel ( 2 ) | SetPanelView ( \"visualization\" ) ;","Panel ( 2 ) | SetPanelView ( \"visualization\" , \"%7B%22type%22%3A%22echarts%22%7D\" ) ;","if ( ( HasDuplicates ( COUNTY ) ) , ( Select ( COUNTY , Average ( AMAT_fac ) ) .as ( [ COUNTY , AverageofAMAT_fac ] ) | Group ( COUNTY ) | With ( Panel ( 2 ) ) | Format ( type = [ 'table' ] ) | TaskOptions ( { \"2\" : { \"layout\" : \"Column\" , \"alignment\" : { \"label\" : [ \"COUNTY\" ] , \"value\" : [ \"AverageofAMAT_fac\" ] , \"tooltip\" : [ ] , \"facet\" : [ ] } } } ) | Collect ( 500 ) ) , ( Select ( COUNTY , AMAT_fac ) .as ( [ COUNTY , AMAT_fac ] ) | With ( Panel ( 2 ) ) | Format ( type = [ 'table' ] ) | TaskOptions ( { \"2\" : { \"layout\" : \"Column\" , \"alignment\" : { \"label\" : [ \"COUNTY\" ] , \"value\" : [ \"AMAT_fac\" ] , \"tooltip\" : [ ] , \"facet\" : [ ] } } } ) | Collect ( 500 ) ) ) ;","if ( ( HasDuplicates ( STATE_1 ) ) , ( Select ( STATE_1 , Average ( AMAT_fac ) ) .as ( [ STATE_1 , AverageofAMAT_fac ] ) | Group ( STATE_1 ) | With ( Panel ( 2 ) ) | Format ( type = [ 'table' ] ) | TaskOptions ( { \"2\" : { \"layout\" : \"Column\" , \"alignment\" : { \"label\" : [ \"STATE_1\" ] , \"value\" : [ \"AverageofAMAT_fac\" ] , \"tooltip\" : [ ] , \"facet\" : [ ] } } } ) | Collect ( 500 ) ) , ( Select ( STATE_1 , AMAT_fac ) .as ( [ STATE_1 , AMAT_fac ] ) | With ( Panel ( 2 ) ) | Format ( type = [ 'table' ] ) | TaskOptions ( { \"2\" : { \"layout\" : \"Column\" , \"alignment\" : { \"label\" : [ \"STATE_1\" ] , \"value\" : [ \"AMAT_fac\" ] , \"tooltip\" : [ ] , \"facet\" : [ ] } } } ) | Collect ( 500 ) ) ) ;","Panel ( 2 ) | UnsortPanel ( ) ;","Frame ( ) | Select ( STATE_1 , Average ( AMAT_fac ) ) .as ( [ STATE_1 , AverageofAMAT_fac ] ) | Group ( STATE_1 ) | Sort ( columns = [ \"AverageofAMAT_fac\" ] , sort = [ \"desc\" ] ) | With ( Panel ( 2 ) ) | Format ( type = [ 'table' ] ) | TaskOptions ( { \"2\" : { \"layout\" : \"Column\" , \"alignment\" : { \"label\" : [ \"STATE_1\" ] , \"value\" : [ \"AverageofAMAT_fac\" ] } } } ) | Collect ( 500 ) ;","if ( ( FrameHeaderExists ( YEAR ) ) , ( SetFrameFilter ( ( YEAR == [ 2017 ] ) ) ) , ( false ) ) ;","ifError ( ( Frame ( ) | Select ( COUNTY , Average ( AMAT_fac ) ) .as ( [ COUNTY , AverageofAMAT_fac ] ) | Group ( COUNTY ) | With ( Panel ( 0 ) ) | Format ( type = [ 'table' ] ) | TaskOptions ( { \"0\" : { \"layout\" : \"Choropleth\" , \"alignment\" : { \"label\" : [ \"COUNTY\" ] , \"value\" : [ \"AverageofAMAT_fac\" ] } } } ) | Collect ( 500 ) ) , ( true ) ) ;","ifError ( ( Frame ( ) | Select ( STATE_1 , Average ( AMAT_fac ) ) .as ( [ STATE_1 , AverageofAMAT_fac ] ) | Sort ( columns = [ \"AverageofAMAT_fac\" ] , sort = [ \"DESC\" ] ) | Group ( STATE_1 ) | With ( Panel ( 2 ) ) | Format ( type = [ 'table' ] ) | TaskOptions ( { \"2\" : { \"layout\" : \"Column\" , \"alignment\" : { \"label\" : [ \"STATE_1\" ] , \"value\" : [ \"AverageofAMAT_fac\" ] } } } ) | Collect ( 500 ) ) , ( true ) ) ;","if ( IsEmpty ( [ \"Delaware\" ] ) , UnfilterFrame ( STATE_1 ) , SetFrameFilter ( STATE_1 == [ \"Delaware\" ] ) ) ;","UnfilterFrame ( STATE_1 ) ;","Panel ( 2 ) | Clone ( 3 ) ;","Panel ( 3 ) | SetPanelView ( \"infographic\" ) ;","Panel ( 3 ) | SetPanelView ( \"infographic\" , \"%7B%22html%22%3A%22%3Cdiv%20class%3D%5C%22infographic-single-output%5C%22%3E%3Cdiv%20class%3D%5C%22infographic-value%5C%22%20style%3D%5C%22font-size%3A%20calc(20px%20%2B%202.5vmin)%3B%5C%22%3E%3Cdiv%20class%3D%5C%22infographic-value-text-above%5C%22%3Egroup0%3C%2Fdiv%3E%3C%2Fdiv%3E%3Cdiv%20class%3D%5C%22infographic-desc%5C%22%20style%3D%5C%22padding-top%3A%201.5%25%3B%20font-size%3A%20calc(10px%20%2B%201.1vmax)%3B%5C%22%3ETotal%20Facilities%20Providing%20MAT%3C%2Fdiv%3E%3C%2Fdiv%3E%22%2C%22groups%22%3A%5B%7B%22id%22%3A%22group0%22%2C%22description%22%3A%22Total%20Facilities%20Providing%20MAT%22%2C%22cmdType%22%3A%22Sum%22%2C%22cmd%22%3A%5B%7B%22type%22%3A%22Pixel%22%2C%22components%22%3A%5B%22Select(Sum(AMAT_fac))%22%5D%2C%22meta%22%3Atrue%7D%2C%7B%22type%22%3A%22collect%22%2C%22components%22%3A%5B-1%5D%2C%22terminal%22%3Atrue%7D%5D%2C%22descriptionPosition%22%3A%22Below%22%2C%22dataType%22%3A%22%22%2C%22selectedHeader%22%3A%22AMAT_fac%22%2C%22instance%22%3A%22%22%2C%22label%22%3A%22-No%20Label-%22%2C%22instances%22%3A%5B%22-No%20Instance-%22%5D%2C%22dataSource%22%3A%22Data%20from%20Frame%22%2C%22fileName%22%3A%22%22%2C%22imageurl%22%3A%22%22%2C%22imgId%22%3A%22%22%2C%22decimalFormat%22%3A2%2C%22descriptionFontSize%22%3A36%2C%22dataFontSize%22%3A72%2C%22format%22%3A%22None%22%2C%22customDataFontSize%22%3Afalse%2C%22customDescFontSize%22%3Afalse%7D%5D%7D\" ) ;","Panel ( 2 ) | SetPanelLabel ( \"States providing MAT\" ) ;","Panel ( 0 ) | SetPanelLabel ( \"Counties Providing MAT\" ) ;","Panel ( 1 ) | SetPanelLabel ( \"Filter by Year\" ) ;"]}