{"insightID":"00aae792-6133-49d2-bdec-94919dce05ef","pixelReturn":[{"pixelExpression":"if ( ( HasDuplicates ( COUNTY ) ) , ( Select ( COUNTY , Average ( AMAT_fac ) ) .as ( [ COUNTY , AverageofAMAT_fac ] ) | Group ( COUNTY ) | With ( Panel ( 0 ) ) | Format ( type = [ 'table' ] ) | TaskOptions ( { \"0\" : { \"layout\" : \"Choropleth\" , \"alignment\" : { \"label\" : [ \"COUNTY\" ] , \"value\" : [ \"AverageofAMAT_fac\" ] , \"facet\" : [ ] } } } ) | Collect ( 500 ) ) , ( Select ( COUNTY , AMAT_fac ) .as ( [ COUNTY , AMAT_fac ] ) | With ( Panel ( 0 ) ) | Format ( type = [ 'table' ] ) | TaskOptions ( { \"0\" : { \"layout\" : \"Choropleth\" , \"alignment\" : { \"label\" : [ \"COUNTY\" ] , \"value\" : [ \"AMAT_fac\" ] , \"facet\" : [ ] } } } ) | Collect ( 500 ) ) ) ;","isMeta":false,"output":{"data":{"values":[["Abbeville",0],["Acadia_Parish",0],["Accomack",0],["Ada",3],["Adair",0],["Adams",0],["Addison",0],["Adjuntas_Municipio",0],["Aguada_Municipio",0],["Aguadilla_Municipio",0],["Aguas_Buenas_Municipio",0],["Aibonito_Municipio",0],["Aiken",0],["Aitkin",0],["Alachua",0],["Alamance",0],["Alameda",1],["Alamosa",0],["Albany",0],["Albemarle",0],["Alcona",0],["Alcorn",0],["Aleutians_East_Borough",0],["Aleutians_West_Census_Area",0],["Alexander",0],["Alexandria_city",2],["Alfalfa",0],["Alger",0],["Allamakee",0],["Allegan",0],["Allegany",0],["Alleghany",0],["Allegheny",2],["Allen",0],["Allen_Parish",0],["Allendale",0],["Alpena",0],["Alpine",0],["Amador",0],["Amelia",0],["Amherst",0],["Amite",0],["Anasco_Municipio",0],["Anchorage_Municipality",1],["Anderson",0],["Andrew",0],["Andrews",0],["Androscoggin",0],["Angelina",0],["Anne_Arundel",1],["Anoka",0],["Anson",0],["Antelope",0],["Antrim",0],["Apache",0],["Appanoose",0],["Appling",0],["Appomattox",0],["Aransas",0],["Arapahoe",1],["Archer",0],["Archuleta",0],["Arecibo_Municipio",0],["Arenac",0],["Arkansas",0],["Arlington",0],["Armstrong",0],["Aroostook",0],["Arroyo_Municipio",0],["Arthur",0],["Ascension_Parish",0],["Ashe",0],["Ashland",0],["Ashley",0],["Ashtabula",0],["Asotin",0],["Assumption_Parish",0],["Atascosa",0],["Atchison",0],["Athens",0],["Atkinson",0],["Atlantic",0],["Atoka",0],["Attala",0],["Audrain",0],["Audubon",0],["Auglaize",0],["Augusta",0],["Aurora",0],["Austin",0],["Autauga",0],["Avery",0],["Avoyelles_Parish",0],["Baca",0],["Bacon",0],["Bailey",0],["Baker",0],["Baldwin",0],["Ballard",0],["Baltimore",4],["Baltimore_city",10],["Bamberg",0],["Bandera",0],["Banks",0],["Banner",0],["Bannock",0],["Baraga",0],["Barber",0],["Barbour",0],["Barceloneta_Municipio",0],["Barnes",0],["Barnstable",0],["Barnwell",0],["Barranquitas_Municipio",0],["Barren",0],["Barron",0],["Barrow",0],["Barry",0],["Bartholomew",0],["Barton",0],["Bartow",0],["Bastrop",0],["Bates",0],["Bath",0],["Baxter",0],["Bay",0],["Bayamon_Municipio",0],["Bayfield",0],["Baylor",0],["Beadle",0],["Bear_Lake",0],["Beaufort",0],["Beauregard_Parish",0],["Beaver",0],["Beaverhead",0],["Becker",0],["Beckham",0],["Bedford",0],["Bee",0],["Belknap",0],["Bell",0],["Belmont",0],["Beltrami",0],["Ben_Hill",0],["Benewah",0],["Bennett",0],["Bennington",0],["Benson",0],["Bent",0],["Benton",0],["Benzie",0],["Bergen",0],["Berkeley",0],["Berks",1],["Berkshire",0],["Bernalillo",1],["Berrien",0],["Bertie",0],["Bethel_Census_Area",0],["Bexar",0],["Bibb",0],["Bienville_Parish",0],["Big_Horn",0],["Big_Stone",0],["Billings",0],["Bingham",0],["Black_Hawk",0],["Blackford",0],["Bladen",0],["Blaine",0],["Blair",0],["Blanco",0],["Bland",0],["Bleckley",0],["Bledsoe",0],["Blount",0],["Blue_Earth",0],["Boise",0],["Bolivar",0],["Bollinger",0],["Bon_Homme",0],["Bond",0],["Bonner",0],["Bonneville",0],["Boone",0],["Borden",0],["Bosque",0],["Bossier_Parish",0],["Botetourt",0],["Bottineau",0],["Boulder",0],["Boundary",0],["Bourbon",0],["Bowie",0],["Bowman",0],["Box_Butte",0],["Box_Elder",0],["Boyd",0],["Boyle",0],["Bracken",0],["Bradford",0],["Bradley",0],["Branch",0],["Brantley",0],["Braxton",0],["Brazoria",0],["Brazos",0],["Breathitt",0],["Breckinridge",0],["Bremer",0],["Brevard",0],["Brewster",0],["Briscoe",0],["Bristol",1],["Bristol_Bay_Borough",0],["Bristol_city",0],["Broadwater",0],["Bronx",4],["Brooke",0],["Brookings",0],["Brooks",0],["Broome",0],["Broomfield",0],["Broward",2],["Brown",0],["Brule",0],["Brunswick",0],["Bryan",0],["Bucha",0],["Buckingham",0],["Bucks",1],["Buena_Vista",0],["Buena_Vista_city",0],["Buffalo",0],["Bullitt",0],["Bulloch",0],["Bullock",0],["Buncombe",1],["Bureau",0],["Burke",0],["Burleigh",0],["Burleson",0],["Burlington",0],["Burnet",0],["Burnett",0],["Burt",0],["Butler",0],["Butte",0],["Butts",0],["Cabarrus",0],["Cabell",1],["Cabo_Rojo_Municipio",0],["Cache",0],["Caddo",0],["Caddo_Parish",1],["Caguas_Municipio",0],["Calaveras",0],["Calcasieu_Parish",0],["Caldwell",0],["Caldwell_Parish",0],["Caledonia",1],["Calhoun",0],["Callahan",0],["Callaway",0],["Calloway",0],["Calumet",0],["Calvert",0],["Camas",0],["Cambria",0],["Camden",0],["Cameron",0],["Cameron_Parish",0],["Camp",0],["Campbell",0],["Camuy_Municipio",0],["Canadian",0],["Candler",0],["Cannon",0],["Canovanas_Municipio",0],["Canyon",0],["Cape_Girardeau",0],["Cape_May",0],["Carbon",0],["Caribou",0],["Carlisle",0],["Carlton",0],["Carolina_Municipio",0],["Caroline",0],["Carroll",0],["Carson",0],["Carson_City",0],["Carter",0],["Carteret",0],["Carver",0],["Cascade",0],["Casey",0],["Cass",0],["Cassia",0],["Castro",0],["Caswell",0],["Catahoula_Parish",0],["Catano_Municipio",0],["Catawba",0],["Catoosa",0],["Catron",0],["Cattaraugus",0],["Cavalier",0],["Cayey_Municipio",0],["Cayuga",0],["Cecil",1],["Cedar",0],["Ceiba_Municipio",0],["Centre",0],["Cerro_Gordo",0],["Chaffee",0],["Chambers",0],["Champaign",0],["Chariton",0],["Charles",0],["Charles_City",0],["Charles_Mix",0],["Charleston",2],["Charlevoix",0],["Charlotte",0],["Charlottesville_city",0],["Charlton",0],["Chase",0],["Chatham",0],["Chattahoochee",0],["Chattooga",0],["Chautauqua",0],["Chaves",0],["Cheatham",0],["Cheboygan",0],["Chego",0],["Chelan",0],["Chemung",0],["Cherokee",0],["Cherry",0],["Chesapeake_city",0],["Cheshire",0],["Chester",0],["Chesterfield",0],["Cheyenne",0],["Chickasaw",0],["Chicot",0],["Childress",0],["Chilton",1],["Chippewa",0],["Chisago",0],["Chittenden",2],["Choctaw",0],["Chouteau",0],["Chowan",0],["Christian",0],["Churchill",0],["Ciales_Municipio",0],["Cibola",0],["Cidra_Municipio",0],["Cimarron",0],["Citrus",0],["Clackamas",0],["Claiborne",0],["Claiborne_Parish",0],["Clallam",0],["Clare",0],["Clarendon",0],["Clarion",0],["Clark",0],["Clarke",0],["Clatsop",0],["Clay",0],["Clayton",0],["Clear_Creek",0],["Clearfield",1],["Clearwater",0],["Cleburne",0],["Clermont",0],["Cleveland",0],["Clinch",0],["Clinton",0],["Cloud",0],["Coahoma",0],["Coal",0],["Coamo_Municipio",0],["Cobb",0],["Cochise",0],["Cochran",0],["Cocke",0],["Coconino",0],["Codington",0],["Coffee",0],["Coffey",0],["Coke",0],["Colbert",0],["Cole",0],["Coleman",0],["Coles",0],["Colfax",0],["Colleton",0],["Collier",0],["Collin",0],["Collingsworth",0],["Colonial_Heights_city",0],["Colorado",0],["Colquitt",0],["Columbia",0],["Columbiana",0],["Columbus",0],["Colusa",0],["Comal",0],["Comanche",0],["Comerio_Municipio",0],["Concho",0],["Concordia_Parish",0],["Conecuh",0],["Conejos",0],["Contra_Costa",1],["Converse",0],["Conway",0],["Cook",2],["Cooke",0],["Cooper",0],["Coos",0],["Coosa",0],["Copiah",0],["Corozal_Municipio",0],["Corson",0],["Cortland",0],["Coryell",0],["Coshocton",0],["Costilla",0],["Cottle",0],["Cotton",0],["Cottonwood",0],["Covington",0],["Covington_city",0],["Coweta",0],["Cowley",0],["Cowlitz",0],["Craig",0],["Craighead",0],["Crane",0],["Craven",1],["Crawford",0],["Creek",0],["Crenshaw",0],["Crisp",0],["Crittenden",0],["Crockett",0],["Crook",0],["Crosby",0],["Cross",0],["Crow_Wing",0],["Crowley",0],["Culberson",0],["Culebra_Municipio",0],["Cullman",0],["Culpeper",0],["Cumberland",0],["Cuming",0],["Currituck",0],["Curry",0],["Custer",0],["Cuyahoga",3],["Dade",0],["Daggett",0],["Dakota",0],["Dale",0],["Dallam",0],["Dallas",0],["Dane",0],["Daniels",0],["Danville_city",0],["Dare",0],["Darke",0],["Darlington",0],["Dauphin",0],["Davidson",0],["Davie",0],["Daviess",0],["Davis",0],["Davison",0],["Dawes",0],["Dawson",0],["Day",0],["DeKalb",0],["DeSoto",0],["DeWitt",0],["De_Baca",0],["De_Soto_Parish",0],["De_Witt",0],["Deaf_Smith",0],["Dearborn",1],["Decatur",0],["Deer_Lodge",0],["Defiance",0],["Del_Norte",0],["Delaware",0],["Delta",0]],"headers":["COUNTY","AverageofAMAT_fac"],"rawHeaders":["COUNTY","AverageofAMAT_fac"]},"format":{"type":"TABLE"},"headerInfo":[{"alias":"COUNTY","header":"COUNTY","type":"STRING","derived":false},{"alias":"AverageofAMAT_fac","header":"AverageofAMAT_fac","calculatedBy":"AMAT_fac","math":"Average","groupBy":["COUNTY"],"type":"NUMBER","derived":true}],"sortInfo":[],"numCollected":500,"taskOptions":{"0":{"layout":"Choropleth","alignment":{"label":["COUNTY"],"value":["AverageofAMAT_fac"],"facet":[]}}},"filterInfo":[],"taskId":"task1"},"operationType":["TASK_DATA"]},{"pixelExpression":"Panel ( 0 ) | Clone ( 1 ) ;","isMeta":false,"output":{"original":{"panelId":"0","panelLabel":"Counties Providing MAT","view":"visualization","viewOptions":"{\"type\":\"echarts\"}","viewOptionsMap":{"federate-view":{"app_id":"0d67d486-7a80-4a85-8277-0773a3fcf22b"},"visualization":{"type":"echarts"}},"ornaments":{"tools":{"shared":{"chloroType":"Counties"}}},"events":{"onSingleClick":{"Unfilter":[{"disabledVisuals":["Grid","Sunburst"],"default":true,"query":"UnfilterFrame(<SelectedColumn>);","options":{},"refresh":false,"disabled":false,"panel":""}]},"onBrush":{"Filter":[{"default":true,"query":"if(IsEmpty(<SelectedValues>), UnfilterFrame(<SelectedColumn>), SetFrameFilter(<SelectedColumn>==<SelectedValues>));","options":{},"refresh":false,"disabled":false,"panel":""}]}},"grf":[],"orderBys":[],"comments":{},"position":{},"colorByValue":{}},"clone":{"panelId":"1","panelLabel":"Counties Providing MAT Clone","view":"visualization","viewOptions":"{\"type\":\"echarts\"}","viewOptionsMap":{"federate-view":{"app_id":"0d67d486-7a80-4a85-8277-0773a3fcf22b"},"visualization":{"type":"echarts"}},"ornaments":{"tools":{"shared":{"chloroType":"Counties"}}},"events":{"onSingleClick":{"Unfilter":[{"disabledVisuals":["Grid","Sunburst"],"default":true,"query":"UnfilterFrame(<SelectedColumn>);","options":{},"refresh":false,"disabled":false,"panel":""}]},"onBrush":{"Filter":[{"default":true,"query":"if(IsEmpty(<SelectedValues>), UnfilterFrame(<SelectedColumn>), SetFrameFilter(<SelectedColumn>==<SelectedValues>));","options":{},"refresh":false,"disabled":false,"panel":""}]}},"grf":[],"orderBys":[],"comments":{},"position":{},"colorByValue":{}}},"operationType":["PANEL_CLONE"]},{"pixelExpression":"ifError ( ( Frame ( ) | Select ( COUNTY , Average ( AMAT_fac ) ) .as ( [ COUNTY , AverageofAMAT_fac ] ) | Group ( COUNTY ) | With ( Panel ( 0 ) ) | Format ( type = [ 'table' ] ) | TaskOptions ( { \"0\" : { \"layout\" : \"Choropleth\" , \"alignment\" : { \"label\" : [ \"COUNTY\" ] , \"value\" : [ \"AverageofAMAT_fac\" ] } } } ) | Collect ( 500 ) ) , ( true ) ) ;","isMeta":false,"output":{"data":{"values":[["Abbeville",0],["Acadia_Parish",0],["Accomack",0],["Ada",3],["Adair",0],["Adams",0],["Addison",0],["Adjuntas_Municipio",0],["Aguada_Municipio",0],["Aguadilla_Municipio",0],["Aguas_Buenas_Municipio",0],["Aibonito_Municipio",0],["Aiken",0],["Aitkin",0],["Alachua",0],["Alamance",0],["Alameda",1],["Alamosa",0],["Albany",0],["Albemarle",0],["Alcona",0],["Alcorn",0],["Aleutians_East_Borough",0],["Aleutians_West_Census_Area",0],["Alexander",0],["Alexandria_city",2],["Alfalfa",0],["Alger",0],["Allamakee",0],["Allegan",0],["Allegany",0],["Alleghany",0],["Allegheny",2],["Allen",0],["Allen_Parish",0],["Allendale",0],["Alpena",0],["Alpine",0],["Amador",0],["Amelia",0],["Amherst",0],["Amite",0],["Anasco_Municipio",0],["Anchorage_Municipality",1],["Anderson",0],["Andrew",0],["Andrews",0],["Androscoggin",0],["Angelina",0],["Anne_Arundel",1],["Anoka",0],["Anson",0],["Antelope",0],["Antrim",0],["Apache",0],["Appanoose",0],["Appling",0],["Appomattox",0],["Aransas",0],["Arapahoe",1],["Archer",0],["Archuleta",0],["Arecibo_Municipio",0],["Arenac",0],["Arkansas",0],["Arlington",0],["Armstrong",0],["Aroostook",0],["Arroyo_Municipio",0],["Arthur",0],["Ascension_Parish",0],["Ashe",0],["Ashland",0],["Ashley",0],["Ashtabula",0],["Asotin",0],["Assumption_Parish",0],["Atascosa",0],["Atchison",0],["Athens",0],["Atkinson",0],["Atlantic",0],["Atoka",0],["Attala",0],["Audrain",0],["Audubon",0],["Auglaize",0],["Augusta",0],["Aurora",0],["Austin",0],["Autauga",0],["Avery",0],["Avoyelles_Parish",0],["Baca",0],["Bacon",0],["Bailey",0],["Baker",0],["Baldwin",0],["Ballard",0],["Baltimore",4],["Baltimore_city",10],["Bamberg",0],["Bandera",0],["Banks",0],["Banner",0],["Bannock",0],["Baraga",0],["Barber",0],["Barbour",0],["Barceloneta_Municipio",0],["Barnes",0],["Barnstable",0],["Barnwell",0],["Barranquitas_Municipio",0],["Barren",0],["Barron",0],["Barrow",0],["Barry",0],["Bartholomew",0],["Barton",0],["Bartow",0],["Bastrop",0],["Bates",0],["Bath",0],["Baxter",0],["Bay",0],["Bayamon_Municipio",0],["Bayfield",0],["Baylor",0],["Beadle",0],["Bear_Lake",0],["Beaufort",0],["Beauregard_Parish",0],["Beaver",0],["Beaverhead",0],["Becker",0],["Beckham",0],["Bedford",0],["Bee",0],["Belknap",0],["Bell",0],["Belmont",0],["Beltrami",0],["Ben_Hill",0],["Benewah",0],["Bennett",0],["Bennington",0],["Benson",0],["Bent",0],["Benton",0],["Benzie",0],["Bergen",0],["Berkeley",0],["Berks",1],["Berkshire",0],["Bernalillo",1],["Berrien",0],["Bertie",0],["Bethel_Census_Area",0],["Bexar",0],["Bibb",0],["Bienville_Parish",0],["Big_Horn",0],["Big_Stone",0],["Billings",0],["Bingham",0],["Black_Hawk",0],["Blackford",0],["Bladen",0],["Blaine",0],["Blair",0],["Blanco",0],["Bland",0],["Bleckley",0],["Bledsoe",0],["Blount",0],["Blue_Earth",0],["Boise",0],["Bolivar",0],["Bollinger",0],["Bon_Homme",0],["Bond",0],["Bonner",0],["Bonneville",0],["Boone",0],["Borden",0],["Bosque",0],["Bossier_Parish",0],["Botetourt",0],["Bottineau",0],["Boulder",0],["Boundary",0],["Bourbon",0],["Bowie",0],["Bowman",0],["Box_Butte",0],["Box_Elder",0],["Boyd",0],["Boyle",0],["Bracken",0],["Bradford",0],["Bradley",0],["Branch",0],["Brantley",0],["Braxton",0],["Brazoria",0],["Brazos",0],["Breathitt",0],["Breckinridge",0],["Bremer",0],["Brevard",0],["Brewster",0],["Briscoe",0],["Bristol",1],["Bristol_Bay_Borough",0],["Bristol_city",0],["Broadwater",0],["Bronx",4],["Brooke",0],["Brookings",0],["Brooks",0],["Broome",0],["Broomfield",0],["Broward",2],["Brown",0],["Brule",0],["Brunswick",0],["Bryan",0],["Bucha",0],["Buckingham",0],["Bucks",1],["Buena_Vista",0],["Buena_Vista_city",0],["Buffalo",0],["Bullitt",0],["Bulloch",0],["Bullock",0],["Buncombe",1],["Bureau",0],["Burke",0],["Burleigh",0],["Burleson",0],["Burlington",0],["Burnet",0],["Burnett",0],["Burt",0],["Butler",0],["Butte",0],["Butts",0],["Cabarrus",0],["Cabell",1],["Cabo_Rojo_Municipio",0],["Cache",0],["Caddo",0],["Caddo_Parish",1],["Caguas_Municipio",0],["Calaveras",0],["Calcasieu_Parish",0],["Caldwell",0],["Caldwell_Parish",0],["Caledonia",1],["Calhoun",0],["Callahan",0],["Callaway",0],["Calloway",0],["Calumet",0],["Calvert",0],["Camas",0],["Cambria",0],["Camden",0],["Cameron",0],["Cameron_Parish",0],["Camp",0],["Campbell",0],["Camuy_Municipio",0],["Canadian",0],["Candler",0],["Cannon",0],["Canovanas_Municipio",0],["Canyon",0],["Cape_Girardeau",0],["Cape_May",0],["Carbon",0],["Caribou",0],["Carlisle",0],["Carlton",0],["Carolina_Municipio",0],["Caroline",0],["Carroll",0],["Carson",0],["Carson_City",0],["Carter",0],["Carteret",0],["Carver",0],["Cascade",0],["Casey",0],["Cass",0],["Cassia",0],["Castro",0],["Caswell",0],["Catahoula_Parish",0],["Catano_Municipio",0],["Catawba",0],["Catoosa",0],["Catron",0],["Cattaraugus",0],["Cavalier",0],["Cayey_Municipio",0],["Cayuga",0],["Cecil",1],["Cedar",0],["Ceiba_Municipio",0],["Centre",0],["Cerro_Gordo",0],["Chaffee",0],["Chambers",0],["Champaign",0],["Chariton",0],["Charles",0],["Charles_City",0],["Charles_Mix",0],["Charleston",2],["Charlevoix",0],["Charlotte",0],["Charlottesville_city",0],["Charlton",0],["Chase",0],["Chatham",0],["Chattahoochee",0],["Chattooga",0],["Chautauqua",0],["Chaves",0],["Cheatham",0],["Cheboygan",0],["Chego",0],["Chelan",0],["Chemung",0],["Cherokee",0],["Cherry",0],["Chesapeake_city",0],["Cheshire",0],["Chester",0],["Chesterfield",0],["Cheyenne",0],["Chickasaw",0],["Chicot",0],["Childress",0],["Chilton",1],["Chippewa",0],["Chisago",0],["Chittenden",2],["Choctaw",0],["Chouteau",0],["Chowan",0],["Christian",0],["Churchill",0],["Ciales_Municipio",0],["Cibola",0],["Cidra_Municipio",0],["Cimarron",0],["Citrus",0],["Clackamas",0],["Claiborne",0],["Claiborne_Parish",0],["Clallam",0],["Clare",0],["Clarendon",0],["Clarion",0],["Clark",0],["Clarke",0],["Clatsop",0],["Clay",0],["Clayton",0],["Clear_Creek",0],["Clearfield",1],["Clearwater",0],["Cleburne",0],["Clermont",0],["Cleveland",0],["Clinch",0],["Clinton",0],["Cloud",0],["Coahoma",0],["Coal",0],["Coamo_Municipio",0],["Cobb",0],["Cochise",0],["Cochran",0],["Cocke",0],["Coconino",0],["Codington",0],["Coffee",0],["Coffey",0],["Coke",0],["Colbert",0],["Cole",0],["Coleman",0],["Coles",0],["Colfax",0],["Colleton",0],["Collier",0],["Collin",0],["Collingsworth",0],["Colonial_Heights_city",0],["Colorado",0],["Colquitt",0],["Columbia",0],["Columbiana",0],["Columbus",0],["Colusa",0],["Comal",0],["Comanche",0],["Comerio_Municipio",0],["Concho",0],["Concordia_Parish",0],["Conecuh",0],["Conejos",0],["Contra_Costa",1],["Converse",0],["Conway",0],["Cook",2],["Cooke",0],["Cooper",0],["Coos",0],["Coosa",0],["Copiah",0],["Corozal_Municipio",0],["Corson",0],["Cortland",0],["Coryell",0],["Coshocton",0],["Costilla",0],["Cottle",0],["Cotton",0],["Cottonwood",0],["Covington",0],["Covington_city",0],["Coweta",0],["Cowley",0],["Cowlitz",0],["Craig",0],["Craighead",0],["Crane",0],["Craven",1],["Crawford",0],["Creek",0],["Crenshaw",0],["Crisp",0],["Crittenden",0],["Crockett",0],["Crook",0],["Crosby",0],["Cross",0],["Crow_Wing",0],["Crowley",0],["Culberson",0],["Culebra_Municipio",0],["Cullman",0],["Culpeper",0],["Cumberland",0],["Cuming",0],["Currituck",0],["Curry",0],["Custer",0],["Cuyahoga",3],["Dade",0],["Daggett",0],["Dakota",0],["Dale",0],["Dallam",0],["Dallas",0],["Dane",0],["Daniels",0],["Danville_city",0],["Dare",0],["Darke",0],["Darlington",0],["Dauphin",0],["Davidson",0],["Davie",0],["Daviess",0],["Davis",0],["Davison",0],["Dawes",0],["Dawson",0],["Day",0],["DeKalb",0],["DeSoto",0],["DeWitt",0],["De_Baca",0],["De_Soto_Parish",0],["De_Witt",0],["Deaf_Smith",0],["Dearborn",1],["Decatur",0],["Deer_Lodge",0],["Defiance",0],["Del_Norte",0],["Delaware",0],["Delta",0]],"headers":["COUNTY","AverageofAMAT_fac"],"rawHeaders":["COUNTY","AverageofAMAT_fac"]},"format":{"type":"TABLE"},"headerInfo":[{"alias":"COUNTY","header":"COUNTY","type":"STRING","derived":false},{"alias":"AverageofAMAT_fac","header":"AverageofAMAT_fac","calculatedBy":"AMAT_fac","math":"Average","groupBy":["COUNTY"],"type":"NUMBER","derived":true}],"sortInfo":[],"numCollected":500,"taskOptions":{"0":{"layout":"Choropleth","alignment":{"label":["COUNTY"],"value":["AverageofAMAT_fac"]}}},"filterInfo":[],"taskId":"task3"},"operationType":["TASK_DATA"]},{"pixelExpression":"ifError ( ( Frame ( ) | Select ( STATE_1 , Average ( AMAT_fac ) ) .as ( [ STATE_1 , AverageofAMAT_fac ] ) | Sort ( columns = [ \"AverageofAMAT_fac\" ] , sort = [ \"DESC\" ] ) | Group ( STATE_1 ) | With ( Panel ( 2 ) ) | Format ( type = [ 'table' ] ) | TaskOptions ( { \"2\" : { \"layout\" : \"Column\" , \"alignment\" : { \"label\" : [ \"STATE_1\" ] , \"value\" : [ \"AverageofAMAT_fac\" ] } } } ) | Collect ( 500 ) ) , ( true ) ) ;","isMeta":false,"output":{"data":{"values":[["Delaware",2],["Massachusetts",1],["District_of_Columbia",1],["Connecticut",1],["Vermont",0],["Pennsylvania",0],["Ohio",0],["Georgia",0],["Kentucky",0],["Rhode_Island",0],["Wisconsin",0],["South_Dakota",0],["New_Mexico",0],["Alaska",0],["Minnesota",0],["Washington",0],["Tennessee",0],["Mississippi",0],["Michigan",0],["Maine",0],["Idaho",0],["Alabama",0],["Colorado",0],["Maryland",0],["North_Carolina",0],["Virginia",0],["Hawaii",0],["Arizona",0],["Nevada",0],["Arkansas",0],["Florida",0],["South_Carolina",0],["Missouri",0],["California",0],["New_Hampshire",0],["Texas",0],["Puerto_Rico",0],["West_Virginia",0],["Utah",0],["Iowa",0],["Nebraska",0],["New_Jersey",0],["Kansas",0],["Montana",0],["Illinois",0],["Indiana",0],["Oklahoma",0],["New_York",0],["Louisiana",0],["North_Dakota",0],["Oregon",0],["Wyoming",0]],"headers":["STATE_1","AverageofAMAT_fac"],"rawHeaders":["STATE_1","AverageofAMAT_fac"]},"format":{"type":"TABLE"},"headerInfo":[{"alias":"STATE_1","header":"STATE_1","type":"STRING","derived":false},{"alias":"AverageofAMAT_fac","header":"AverageofAMAT_fac","calculatedBy":"AMAT_fac","math":"Average","groupBy":["STATE_1"],"type":"NUMBER","derived":true}],"sortInfo":[{"alias":"AverageofAMAT_fac","header":"AverageofAMAT_fac","dir":"DESC","derived":false}],"numCollected":500,"taskOptions":{"2":{"layout":"Column","alignment":{"label":["STATE_1"],"value":["AverageofAMAT_fac"]}}},"filterInfo":[],"taskId":"task7"},"operationType":["TASK_DATA"]},{"pixelExpression":"Panel ( 2 ) | Clone ( 3 ) ;","isMeta":false,"output":{"original":{"panelId":"2","panelLabel":"States providing MAT","view":"visualization","viewOptions":"{\"type\":\"echarts\"}","viewOptionsMap":{"federate-view":{"app_id":"0d67d486-7a80-4a85-8277-0773a3fcf22b"},"visualization":{"type":"echarts"}},"ornaments":{"tools":{"shared":{"chloroType":"Counties"}},"dashboardFilter":{"instances":["YEAR"],"viewType":"List","singleSelect":"Single Select"}},"events":{"onSingleClick":{"Unfilter":[{"disabledVisuals":["Grid","Sunburst"],"default":true,"query":"UnfilterFrame(<SelectedColumn>);","options":{},"refresh":false,"disabled":false,"panel":""}]},"onBrush":{"Filter":[{"default":true,"query":"if(IsEmpty(<SelectedValues>), UnfilterFrame(<SelectedColumn>), SetFrameFilter(<SelectedColumn>==<SelectedValues>));","options":{},"refresh":false,"disabled":false,"panel":""}]}},"grf":[],"orderBys":[],"comments":{},"position":{},"colorByValue":{}},"clone":{"panelId":"3","panelLabel":"States providing MAT Clone","view":"visualization","viewOptions":"{\"type\":\"echarts\"}","viewOptionsMap":{"federate-view":{"app_id":"0d67d486-7a80-4a85-8277-0773a3fcf22b"},"visualization":{"type":"echarts"}},"ornaments":{"tools":{"shared":{"chloroType":"Counties"}},"dashboardFilter":{"instances":["YEAR"],"viewType":"List","singleSelect":"Single Select"}},"events":{"onSingleClick":{"Unfilter":[{"disabledVisuals":["Grid","Sunburst"],"default":true,"query":"UnfilterFrame(<SelectedColumn>);","options":{},"refresh":false,"disabled":false,"panel":""}]},"onBrush":{"Filter":[{"default":true,"query":"if(IsEmpty(<SelectedValues>), UnfilterFrame(<SelectedColumn>), SetFrameFilter(<SelectedColumn>==<SelectedValues>));","options":{},"refresh":false,"disabled":false,"panel":""}]}},"grf":[],"orderBys":[],"comments":{},"position":{},"colorByValue":{}}},"operationType":["PANEL_CLONE"]}]}