{"engineId":"0d67d486-7a80-4a85-8277-0773a3fcf22b","engineName":"County_Opioid","rdbmsId":"9b9620ba-70ec-432a-b550-c14692aa8b5b","varstore":{},"frames":[{"file":"@BaseFolder@/db/@ENGINE@/version/9b9620ba-70ec-432a-b550-c14692aa8b5b/FRAME.gz","meta":"@BaseFolder@/db/@ENGINE@/version/9b9620ba-70ec-432a-b550-c14692aa8b5b/METADATA__FRAME.owl","state":null,"type":"prerna.ds.h2.H2Frame","name":"FRAME","keys":["$CUR_FRAME_KEY","FRAME"]}],"panels":[{"panelId":"0","panelLabel":null,"view":"visualization","viewOptions":null,"viewOptionsMap":"{}","ornaments":"{}","events":"{}","comments":"{}","position":"{}","filters":[],"order":[],"cbv":{}}],"tasks":{"tasks":[{"type":"basic","task":{"taskType":"basic","id":"task1","numCollected":500,"internalOffset":0,"taskOptions":"{\"options\":{\"0\":{\"layout\":\"Grid\",\"alignment\":{\"label\":[\"num_SSPs\",\"STATEABBREVIATION\",\"COUNTYDATAPIVOTED\",\"drugdeaths\",\"AMAT_fac\",\"HIVprevalence\",\"HIVdiagnoses\",\"Med_MH_fac\",\"STATE_1\",\"YEAR\",\"Med_SA_fac\",\"vulnerable_rank\",\"pctunins\",\"pctunmetneed\",\"Population\",\"mme_percap\",\"COUNTY\",\"CDC_consult\",\"HCVacuterate\",\"nonmedpain\",\"partD30dayrxrate\",\"MH_fac\",\"TMAT_fac\",\"SMAT_fac\",\"bup_phys\",\"Med_TMAT_fac\",\"PLHIV\",\"HCVacute\",\"SA_fac\",\"drugdep\",\"Med_AMAT_fac\",\"HIVincidence\",\"Med_SMAT_fac\",\"drugdeathrate\",\"drugdeathrate_est\"]}}}}","qs":{"qsType":"FRAME","isDistinct":true,"overrideImplicit":false,"limit":0,"offset":0,"relations":"[]","selectors":["COLUMN",{"table":"num_SSPs","column":"PRIM_KEY_PLACEHOLDER","alias":"num_SSPs","tableAlias":null},"COLUMN",{"table":"STATEABBREVIATION","column":"PRIM_KEY_PLACEHOLDER","alias":"STATEABBREVIATION","tableAlias":null},"COLUMN",{"table":"COUNTYDATAPIVOTED","column":"PRIM_KEY_PLACEHOLDER","alias":"COUNTYDATAPIVOTED","tableAlias":null},"COLUMN",{"table":"drugdeaths","column":"PRIM_KEY_PLACEHOLDER","alias":"drugdeaths","tableAlias":null},"COLUMN",{"table":"AMAT_fac","column":"PRIM_KEY_PLACEHOLDER","alias":"AMAT_fac","tableAlias":null},"COLUMN",{"table":"HIVprevalence","column":"PRIM_KEY_PLACEHOLDER","alias":"HIVprevalence","tableAlias":null},"COLUMN",{"table":"HIVdiagnoses","column":"PRIM_KEY_PLACEHOLDER","alias":"HIVdiagnoses","tableAlias":null},"COLUMN",{"table":"Med_MH_fac","column":"PRIM_KEY_PLACEHOLDER","alias":"Med_MH_fac","tableAlias":null},"COLUMN",{"table":"STATE_1","column":"PRIM_KEY_PLACEHOLDER","alias":"STATE_1","tableAlias":null},"COLUMN",{"table":"YEAR","column":"PRIM_KEY_PLACEHOLDER","alias":"YEAR","tableAlias":null},"COLUMN",{"table":"Med_SA_fac","column":"PRIM_KEY_PLACEHOLDER","alias":"Med_SA_fac","tableAlias":null},"COLUMN",{"table":"vulnerable_rank","column":"PRIM_KEY_PLACEHOLDER","alias":"vulnerable_rank","tableAlias":null},"COLUMN",{"table":"pctunins","column":"PRIM_KEY_PLACEHOLDER","alias":"pctunins","tableAlias":null},"COLUMN",{"table":"pctunmetneed","column":"PRIM_KEY_PLACEHOLDER","alias":"pctunmetneed","tableAlias":null},"COLUMN",{"table":"Population","column":"PRIM_KEY_PLACEHOLDER","alias":"Population","tableAlias":null},"COLUMN",{"table":"mme_percap","column":"PRIM_KEY_PLACEHOLDER","alias":"mme_percap","tableAlias":null},"COLUMN",{"table":"COUNTY","column":"PRIM_KEY_PLACEHOLDER","alias":"COUNTY","tableAlias":null},"COLUMN",{"table":"CDC_consult","column":"PRIM_KEY_PLACEHOLDER","alias":"CDC_consult","tableAlias":null},"COLUMN",{"table":"HCVacuterate","column":"PRIM_KEY_PLACEHOLDER","alias":"HCVacuterate","tableAlias":null},"COLUMN",{"table":"nonmedpain","column":"PRIM_KEY_PLACEHOLDER","alias":"nonmedpain","tableAlias":null},"COLUMN",{"table":"partD30dayrxrate","column":"PRIM_KEY_PLACEHOLDER","alias":"partD30dayrxrate","tableAlias":null},"COLUMN",{"table":"MH_fac","column":"PRIM_KEY_PLACEHOLDER","alias":"MH_fac","tableAlias":null},"COLUMN",{"table":"TMAT_fac","column":"PRIM_KEY_PLACEHOLDER","alias":"TMAT_fac","tableAlias":null},"COLUMN",{"table":"SMAT_fac","column":"PRIM_KEY_PLACEHOLDER","alias":"SMAT_fac","tableAlias":null},"COLUMN",{"table":"bup_phys","column":"PRIM_KEY_PLACEHOLDER","alias":"bup_phys","tableAlias":null},"COLUMN",{"table":"Med_TMAT_fac","column":"PRIM_KEY_PLACEHOLDER","alias":"Med_TMAT_fac","tableAlias":null},"COLUMN",{"table":"PLHIV","column":"PRIM_KEY_PLACEHOLDER","alias":"PLHIV","tableAlias":null},"COLUMN",{"table":"HCVacute","column":"PRIM_KEY_PLACEHOLDER","alias":"HCVacute","tableAlias":null},"COLUMN",{"table":"SA_fac","column":"PRIM_KEY_PLACEHOLDER","alias":"SA_fac","tableAlias":null},"COLUMN",{"table":"drugdep","column":"PRIM_KEY_PLACEHOLDER","alias":"drugdep","tableAlias":null},"COLUMN",{"table":"Med_AMAT_fac","column":"PRIM_KEY_PLACEHOLDER","alias":"Med_AMAT_fac","tableAlias":null},"COLUMN",{"table":"HIVincidence","column":"PRIM_KEY_PLACEHOLDER","alias":"HIVincidence","tableAlias":null},"COLUMN",{"table":"Med_SMAT_fac","column":"PRIM_KEY_PLACEHOLDER","alias":"Med_SMAT_fac","tableAlias":null},"COLUMN",{"table":"drugdeathrate","column":"PRIM_KEY_PLACEHOLDER","alias":"drugdeathrate","tableAlias":null},"COLUMN",{"table":"drugdeathrate_est","column":"PRIM_KEY_PLACEHOLDER","alias":"drugdeathrate_est","tableAlias":null}]}}}],"taskCounter":2},"recipe":["AddPanel ( 0 ) ;","Panel ( 0 ) | SetPanelView ( \"visualization\" ) ;","CreateFrame ( grid ) .as ( [ FRAME ] ) ;","Database ( \"0d67d486-7a80-4a85-8277-0773a3fcf22b\" ) | Select ( COUNTYDATAPIVOTED__num_SSPs , COUNTYDATAPIVOTED__STATEABBREVIATION , COUNTYDATAPIVOTED , COUNTYDATAPIVOTED__drugdeaths , COUNTYDATAPIVOTED__AMAT_fac , COUNTYDATAPIVOTED__HIVprevalence , COUNTYDATAPIVOTED__HIVdiagnoses , COUNTYDATAPIVOTED__Med_MH_fac , COUNTYDATAPIVOTED__STATE_1 , COUNTYDATAPIVOTED__YEAR , COUNTYDATAPIVOTED__Med_SA_fac , COUNTYDATAPIVOTED__vulnerable_rank , COUNTYDATAPIVOTED__pctunins , COUNTYDATAPIVOTED__pctunmetneed , COUNTYDATAPIVOTED__Population , COUNTYDATAPIVOTED__mme_percap , COUNTYDATAPIVOTED__COUNTY , COUNTYDATAPIVOTED__CDC_consult , COUNTYDATAPIVOTED__HCVacuterate , COUNTYDATAPIVOTED__nonmedpain , COUNTYDATAPIVOTED__partD30dayrxrate , COUNTYDATAPIVOTED__MH_fac , COUNTYDATAPIVOTED__TMAT_fac , COUNTYDATAPIVOTED__SMAT_fac , COUNTYDATAPIVOTED__bup_phys , COUNTYDATAPIVOTED__Med_TMAT_fac , COUNTYDATAPIVOTED__PLHIV , COUNTYDATAPIVOTED__HCVacute , COUNTYDATAPIVOTED__SA_fac , COUNTYDATAPIVOTED__drugdep , COUNTYDATAPIVOTED__Med_AMAT_fac , COUNTYDATAPIVOTED__HIVincidence , COUNTYDATAPIVOTED__Med_SMAT_fac , COUNTYDATAPIVOTED__drugdeathrate , COUNTYDATAPIVOTED__drugdeathrate_est ) | Limit ( 500 ) | Import ( ) ;","Frame ( ) | Select ( num_SSPs , STATEABBREVIATION , COUNTYDATAPIVOTED , drugdeaths , AMAT_fac , HIVprevalence , HIVdiagnoses , Med_MH_fac , STATE_1 , YEAR , Med_SA_fac , vulnerable_rank , pctunins , pctunmetneed , Population , mme_percap , COUNTY , CDC_consult , HCVacuterate , nonmedpain , partD30dayrxrate , MH_fac , TMAT_fac , SMAT_fac , bup_phys , Med_TMAT_fac , PLHIV , HCVacute , SA_fac , drugdep , Med_AMAT_fac , HIVincidence , Med_SMAT_fac , drugdeathrate , drugdeathrate_est ) | Format ( type = [ 'table' ] ) | TaskOptions ( { \"0\" : { \"layout\" : \"Grid\" , \"alignment\" : { \"label\" : [ \"num_SSPs\" , \"STATEABBREVIATION\" , \"COUNTYDATAPIVOTED\" , \"drugdeaths\" , \"AMAT_fac\" , \"HIVprevalence\" , \"HIVdiagnoses\" , \"Med_MH_fac\" , \"STATE_1\" , \"YEAR\" , \"Med_SA_fac\" , \"vulnerable_rank\" , \"pctunins\" , \"pctunmetneed\" , \"Population\" , \"mme_percap\" , \"COUNTY\" , \"CDC_consult\" , \"HCVacuterate\" , \"nonmedpain\" , \"partD30dayrxrate\" , \"MH_fac\" , \"TMAT_fac\" , \"SMAT_fac\" , \"bup_phys\" , \"Med_TMAT_fac\" , \"PLHIV\" , \"HCVacute\" , \"SA_fac\" , \"drugdep\" , \"Med_AMAT_fac\" , \"HIVincidence\" , \"Med_SMAT_fac\" , \"drugdeathrate\" , \"drugdeathrate_est\" ] } } } ) | Collect ( 500 ) ;"]}