{"insightID":"23f0736b-3483-4235-98d9-5da214d9be4f","pixelReturn":[{"pixelExpression":"Frame ( ) | Select ( num_SSPs , STATEABBREVIATION , COUNTYDATAPIVOTED , drugdeaths , AMAT_fac , HIVprevalence , HIVdiagnoses , Med_MH_fac , STATE_1 , YEAR , Med_SA_fac , vulnerable_rank , pctunins , pctunmetneed , Population , mme_percap , COUNTY , CDC_consult , HCVacuterate , nonmedpain , partD30dayrxrate , MH_fac , TMAT_fac , SMAT_fac , bup_phys , Med_TMAT_fac , PLHIV , HCVacute , SA_fac , drugdep , Med_AMAT_fac , HIVincidence , Med_SMAT_fac , drugdeathrate , drugdeathrate_est ) | Format ( type = [ 'table' ] ) | TaskOptions ( { \"0\" : { \"layout\" : \"Grid\" , \"alignment\" : { \"label\" : [ \"num_SSPs\" , \"STATEABBREVIATION\" , \"COUNTYDATAPIVOTED\" , \"drugdeaths\" , \"AMAT_fac\" , \"HIVprevalence\" , \"HIVdiagnoses\" , \"Med_MH_fac\" , \"STATE_1\" , \"YEAR\" , \"Med_SA_fac\" , \"vulnerable_rank\" , \"pctunins\" , \"pctunmetneed\" , \"Population\" , \"mme_percap\" , \"COUNTY\" , \"CDC_consult\" , \"HCVacuterate\" , \"nonmedpain\" , \"partD30dayrxrate\" , \"MH_fac\" , \"TMAT_fac\" , \"SMAT_fac\" , \"bup_phys\" , \"Med_TMAT_fac\" , \"PLHIV\" , \"HCVacute\" , \"SA_fac\" , \"drugdep\" , \"Med_AMAT_fac\" , \"HIVincidence\" , \"Med_SMAT_fac\" , \"drugdeathrate\" , \"drugdeathrate_est\" ] } } } ) | Collect ( 500 ) ;","isMeta":false,"output":{"data":{"values":[[null,"VA",49,null,0,null,null,null,"Virginia",2007,0,null,null,null,null,null,"Accomack",null,"",null,null,null,0,0,null,0,null,"",0,null,0,null,0,null,89.9],[null,"ID",71,null,0,null,17,null,"Idaho",2009,5,null,null,null,null,null,"Ada",null,"",null,null,null,0,3,null,0,null,"",15,null,0,5.5,2,null,1011.9],[null,"IA",84,null,null,null,null,null,"Iowa",2002,null,null,null,null,null,null,"Adair",null,"",null,null,null,null,null,null,null,null,"",null,null,null,null,null,null,2.0],[null,"WA",364,null,null,null,null,null,"Washington",2002,null,null,null,null,null,null,"Adams",null,"",null,null,null,null,null,null,null,null,"",null,null,null,null,null,null,23.9],[null,"SC",16,null,0,118.1,5,null,"South_Carolina",2014,1,null,null,null,24892,null,"Abbeville",null,"",null,null,null,0,0,null,0,25,"",1,null,0,23.6,0,null,89.9],[null,"IA",94,null,0,null,null,null,"Iowa",2012,0,null,null,null,7493,null,"Adair",null,"",null,null,null,0,0,null,0,null,"",0,null,0,null,0,null,67.9],[null,"ID",210,null,0,null,null,null,"Idaho",2008,0,null,null,null,null,null,"Adams",null,"",null,null,null,0,0,null,0,null,"",0,null,0,null,0,null,45.9],[null,"OK",143,null,null,null,null,null,"Oklahoma",2001,null,null,null,null,null,null,"Adair",null,"",null,null,null,null,null,null,null,null,"",null,null,null,null,null,null,45.9],[null,"CO",161,null,null,null,null,null,"Colorado",1999,null,null,null,null,null,null,"Adams",null,"",null,null,null,null,null,null,null,null,"",null,null,null,null,null,null,67.9],[null,"IN",249,null,0,null,null,null,"Indiana",2007,4,null,null,null,null,null,"Adams",null,"",null,null,null,0,0,null,0,null,"",4,null,0,null,0,null,67.9],[null,"LA",28,null,0,null,null,null,"Louisiana",2006,1,null,null,null,null,null,"Acadia_Parish",null,"",null,null,null,0,0,null,0,null,"",1,null,0,null,0,null,1011.9],[null,"PR",456,null,0,null,null,null,"Puerto_Rico",2014,0,null,null,null,null,null,"Aguada_Municipio",null,"",null,null,null,0,0,null,0,null,"",0,null,0,null,0,null,null],[null,"ND",284,null,null,null,null,null,"North_Dakota",2002,null,null,null,null,null,null,"Adams",null,"",null,null,null,null,null,null,null,null,"",null,null,null,null,null,null,2.0],[null,"ID",64,null,null,null,null,null,"Idaho",2002,null,null,null,null,null,null,"Ada",null,"",null,null,null,null,null,null,null,null,"",null,null,null,null,null,null,67.9],[null,"IA",188,null,0,null,null,null,"Iowa",2006,0,null,null,null,null,null,"Adams",null,"",null,null,null,0,0,null,0,null,"",0,null,0,null,0,null,45.9],[null,"PA",341,null,null,null,null,null,"Pennsylvania",1999,null,null,null,null,null,null,"Adams",null,"",null,null,null,null,null,null,null,null,"",null,null,null,null,null,null,45.9],[null,"PR",457,null,0,null,null,0,"Puerto_Rico",2015,0,null,5.9,null,null,null,"Aguada_Municipio",null,"",null,0.59,0,0,0,null,0,null,"",0,null,0,null,0,null,null],[null,"PR",490,null,0,null,null,null,"Puerto_Rico",2008,0,null,null,null,null,null,"Aguas_Buenas_Municipio",null,"",null,null,null,0,0,null,0,null,"",1,null,0,null,0,null,null],[null,"IL",238,10,0,null,5,5,"Illinois",2016,2,null,6.8,86.18,66578,null,"Adams",null,"",3.56,null,5,0,0,null,0,null,"",3,2.46,0,9.0,0,null,1213.9],[null,"PR",465,null,null,null,null,null,"Puerto_Rico",2003,null,null,null,null,null,null,"Aguadilla_Municipio",null,"",null,null,null,null,null,null,null,null,"",null,null,null,null,null,null,null],[null,"PR",474,null,0,null,null,null,"Puerto_Rico",2012,0,null,null,null,null,null,"Aguadilla_Municipio",null,"",null,null,null,0,1,null,0,null,"",2,null,0,null,0,null,null],[null,"CO",168,null,0,null,null,null,"Colorado",2006,2,null,null,null,null,null,"Adams",null,"",null,null,null,0,1,null,0,null,"",23,null,0,null,0,null,1011.9],[null,"ID",217,null,0,null,null,1,"Idaho",2015,0,null,19.6,null,3839,null,"Adams",null,"",null,0.51,1,0,0,null,0,null,"",0,null,0,null,0,null,1415.9],[null,"SC",9,null,0,null,null,null,"South_Carolina",2007,1,null,null,null,null,null,"Abbeville",null,"",null,null,null,0,0,null,0,null,"",1,null,0,null,0,null,45.9],[null,"IL",232,null,0,null,null,null,"Illinois",2010,0,null,null,null,67155,981.2,"Adams",null,"",null,null,null,0,0,null,0,null,"",3,null,0,null,0,null,89.9],[null,"ID",209,null,0,null,null,null,"Idaho",2007,0,null,null,null,null,null,"Adams",null,"",null,null,null,0,0,null,0,null,"",1,null,0,null,0,null,45.9],[null,"OK",155,null,0,null,null,null,"Oklahoma",2013,1,null,null,null,22233,null,"Adair",null,"",null,null,null,0,0,null,0,null,"",1,null,0,null,0,null,1415.9],[null,"IA",195,null,0,null,null,null,"Iowa",2013,0,null,null,null,3890,null,"Adams",null,"",null,null,null,0,0,null,0,null,"",0,null,0,null,0,null,1011.9],[null,"LA",23,null,null,null,null,null,"Louisiana",2001,null,null,null,null,null,null,"Acadia_Parish",null,"",null,null,null,null,null,null,null,null,"",null,null,null,null,null,null,89.9],[null,"NE",306,null,null,null,null,null,"Nebraska",2004,null,null,null,null,null,null,"Adams",null,"",null,null,null,null,null,null,null,null,"",null,null,null,null,null,null,23.9],[null,"ID",218,null,0,null,null,1,"Idaho",2016,0,null,18.3,91.19,3900,null,"Adams",null,"",4.05,null,1,0,0,null,0,null,"",0,2.27,0,null,0,null,1617.9],[null,"ID",74,42,0,null,19,null,"Idaho",2012,6,null,null,null,408899,null,"Ada",null,"",null,null,null,2,5,null,0,null,"",18,null,0,5.7,1,10.3,1213.9],[null,"WA",372,null,0,null,null,null,"Washington",2010,1,null,null,null,18809,210.1,"Adams",null,"",null,null,null,0,0,null,0,null,"",1,null,0,null,0,null,45.9],[null,"MS",265,null,null,null,null,null,"Mississippi",2003,null,null,null,null,null,null,"Adams",null,"",null,null,null,null,null,null,null,null,"",null,null,null,null,null,null,45.9],[null,"VT",407,null,0,null,null,null,"Vermont",2005,1,null,null,null,null,null,"Addison",null,"",null,null,null,0,0,null,0,null,"",1,null,0,null,0,null,67.9],[null,"IN",243,null,null,null,null,null,"Indiana",2001,null,null,null,null,null,null,"Adams",null,"",null,null,null,null,null,null,null,null,"",null,null,null,null,null,null,23.9],[null,"SC",4,null,null,null,null,null,"South_Carolina",2002,null,null,null,null,null,null,"Abbeville",null,"",null,null,null,null,null,null,null,null,"",null,null,null,null,null,null,23.9],[null,"KY",111,null,0,null,null,null,"Kentucky",2009,1,null,null,null,null,null,"Adair",null,"",null,null,null,0,0,null,0,null,"",1,null,0,null,0,null,1011.9],[null,"MS",272,null,0,null,null,null,"Mississippi",2010,0,null,null,null,32558,1393.5,"Adams",null,"",null,null,null,0,0,null,0,null,"",0,null,0,null,0,null,89.9],[null,"WI",398,null,0,null,null,1,"Wisconsin",2016,1,null,7.7,91.45,20069,null,"Adams",null,"",4.3,null,1,0,1,null,0,null,"",1,2.34,0,null,1,null,2021.9],[null,"VT",402,null,null,null,null,null,"Vermont",2000,null,null,null,null,null,null,"Addison",null,"",null,null,null,null,null,null,null,null,"",null,null,null,null,null,null,45.9],[null,"IL",223,null,null,null,null,null,"Illinois",2001,null,null,null,null,null,null,"Adams",null,"",null,null,null,null,null,null,null,null,"",null,null,null,null,null,null,45.9],[null,"PR",442,null,null,null,null,null,"Puerto_Rico",2000,null,null,null,null,null,null,"Aguada_Municipio",null,"",null,null,null,null,null,null,null,null,"",null,null,null,null,null,null,null],[null,"MS",273,null,0,null,null,null,"Mississippi",2011,0,null,null,null,32411,null,"Adams",null,"",null,null,null,0,0,null,0,null,"",0,null,0,null,0,null,89.9],[null,"PR",486,null,null,null,null,null,"Puerto_Rico",2004,null,null,null,null,null,null,"Aguas_Buenas_Municipio",null,"",null,null,null,null,null,null,null,null,"",null,null,null,null,null,null,null],[null,"VA",44,null,null,null,null,null,"Virginia",2002,null,null,null,null,null,null,"Accomack",null,"",null,null,null,null,null,null,null,null,"",null,null,null,null,null,null,67.9],[null,"NE",317,null,0,19.0,null,6,"Nebraska",2015,3,null,10.1,null,31585,489.2,"Adams",null,"",null,1.67,6,0,0,null,0,5,"",3,null,0,null,0,null,67.9],[null,"PA",356,null,0,104.4,null,null,"Pennsylvania",2014,1,null,null,null,101612,null,"Adams",null,"",null,null,null,0,0,null,0,91,"",1,null,0,null,0,null,1213.9],[null,"KY",106,null,null,null,null,null,"Kentucky",2004,null,null,null,null,null,null,"Adair",null,"",null,null,null,null,null,null,null,null,"",null,null,null,null,null,null,67.9],[null,"ID",205,null,null,null,null,null,"Idaho",2003,null,null,null,null,null,null,"Adams",null,"",null,null,null,null,null,null,null,null,"",null,null,null,null,null,null,23.9],[null,"MO",132,null,0,null,null,null,"Missouri",2010,2,null,null,null,25614,1259.4,"Adair",null,"",null,null,null,0,0,null,0,null,"",2,null,0,null,0,null,1011.9],[null,"WI",388,null,0,null,null,null,"Wisconsin",2006,1,null,null,null,null,null,"Adams",null,"",null,null,null,0,0,null,0,null,"",1,null,0,null,0,null,1011.9],[null,"PR",451,null,0,null,null,null,"Puerto_Rico",2009,0,null,null,null,null,null,"Aguada_Municipio",null,"",null,null,null,0,0,null,0,null,"",0,null,0,null,0,null,null],[null,"IN",254,null,0,null,null,null,"Indiana",2012,3,null,null,null,34439,null,"Adams",null,"",null,null,null,0,0,null,0,null,"",3,null,0,null,0,null,89.9],[null,"PR",436,null,0,null,null,null,"Puerto_Rico",2014,0,null,null,null,null,null,"Adjuntas_Municipio",null,"",null,null,null,0,0,null,0,null,"",0,null,0,null,0,null,null],[null,"NE",310,null,0,null,null,null,"Nebraska",2008,2,null,null,null,null,null,"Adams",null,"",null,null,null,0,0,null,0,null,"",3,null,0,null,0,null,23.9],[null,"PR",495,null,0,null,null,null,"Puerto_Rico",2013,0,null,null,null,null,null,"Aguas_Buenas_Municipio",null,"",null,null,null,0,0,null,0,null,"",0,null,0,null,0,null,null],[null,"IA",183,null,null,null,null,null,"Iowa",2001,null,null,null,null,null,null,"Adams",null,"",null,null,null,null,null,null,null,null,"",null,null,null,null,null,null,2.0],[null,"MO",122,null,null,null,null,null,"Missouri",2000,null,null,null,null,null,null,"Adair",null,"",null,null,null,null,null,null,null,null,"",null,null,null,null,null,null,45.9],[null,"VA",53,null,0,null,null,null,"Virginia",2011,0,null,null,null,33292,null,"Accomack",null,"",null,null,null,0,0,null,0,null,"",0,null,0,null,0,null,1011.9],[null,"VT",414,null,0,null,null,null,"Vermont",2012,1,null,null,null,36855,null,"Addison",null,"",null,null,null,0,0,null,0,null,"",1,null,0,null,0,null,1011.9],[null,"CO",165,null,null,null,null,null,"Colorado",2003,null,null,null,null,null,null,"Adams",null,"",null,null,null,null,null,null,null,null,"",null,null,null,null,null,null,89.9],[null,"LA",34,null,0,null,null,null,"Louisiana",2012,1,null,null,null,61884,null,"Acadia_Parish",null,"",null,null,null,0,0,null,0,null,"",1,null,0,null,0,null,1617.9],[null,"OK",147,null,0,null,null,null,"Oklahoma",2005,0,null,null,null,null,null,"Adair",null,"",null,null,null,0,0,null,0,null,"",0,null,0,null,0,null,89.9],[null,"NE",301,null,null,null,null,null,"Nebraska",1999,null,null,null,null,null,null,"Adams",null,"",null,null,null,null,null,null,null,null,"",null,null,null,null,null,null,2.0],[null,"WI",383,null,null,null,null,null,"Wisconsin",2001,null,null,null,null,null,null,"Adams",null,"",null,null,null,null,null,null,null,null,"",null,null,null,null,null,null,67.9],[null,"WA",375,null,0,null,null,null,"Washington",2013,1,null,null,null,19061,null,"Adams",null,"",null,null,null,0,0,null,0,null,"",1,null,0,null,0,null,67.9],[null,"PR",427,null,0,null,null,null,"Puerto_Rico",2005,1,null,null,null,null,null,"Adjuntas_Municipio",null,"",null,null,null,0,0,null,0,null,"",1,null,0,null,0,null,null],[null,"ND",288,null,0,null,null,null,"North_Dakota",2006,0,null,null,null,null,null,"Adams",null,"",null,null,null,0,0,null,0,null,"",0,null,0,null,0,null,2.0],[null,"PA",345,null,null,null,null,null,"Pennsylvania",2003,null,null,null,null,null,null,"Adams",null,"",null,null,null,null,null,null,null,null,"",null,null,null,null,null,null,45.9],[null,"WA",377,null,0,92.5,null,1,"Washington",2015,1,null,22.3,null,19150,270.4,"Adams",null,"",null,4.23,1,0,0,null,0,13,"",1,null,0,null,0,null,89.9],[null,"PR",422,null,null,null,null,null,"Puerto_Rico",2000,null,null,null,null,null,null,"Adjuntas_Municipio",null,"",null,null,null,null,null,null,null,null,"",null,null,null,null,null,null,null],[null,"VT",411,null,0,null,null,null,"Vermont",2009,1,null,null,null,null,null,"Addison",null,"",null,null,null,0,0,null,0,null,"",1,null,0,null,0,null,89.9],[null,"IL",230,null,0,null,null,null,"Illinois",2008,0,null,null,null,null,null,"Adams",null,"",null,null,null,0,0,null,0,null,"",2,null,0,null,0,null,67.9],[null,"PR",481,null,null,null,null,null,"Puerto_Rico",1999,null,null,null,null,null,null,"Aguas_Buenas_Municipio",null,"",null,null,null,null,null,null,null,null,"",null,null,null,null,null,null,null],[null,"OH",327,null,0,null,null,null,"Ohio",2005,1,null,null,null,null,null,"Adams",null,"",null,null,null,0,0,null,0,null,"",1,null,0,null,0,null,1415.9],[null,"VA",58,null,0,null,null,1,"Virginia",2016,2,null,18.0,89.15,32947,null,"Accomack",null,"",4.56,null,1,0,1,null,0,null,"",2,2.95,0,null,1,null,1415.9],[null,"IA",97,null,0,null,null,0,"Iowa",2015,0,null,7.3,null,7211,390.1,"Adair",null,"",null,1.78,0,0,0,null,0,null,"",1,null,0,null,0,null,1011.9],[null,"MS",269,null,0,null,null,null,"Mississippi",2007,0,null,null,null,null,null,"Adams",null,"",null,null,null,0,0,null,0,null,"",0,null,0,null,0,null,67.9],[null,"IA",88,null,0,null,null,null,"Iowa",2006,1,null,null,null,null,null,"Adair",null,"",null,null,null,0,0,null,0,null,"",1,null,0,null,0,null,23.9],[null,"WA",368,null,0,null,null,null,"Washington",2006,1,null,null,null,null,null,"Adams",null,"",null,null,null,0,0,null,0,null,"",1,null,0,null,0,null,23.9],[null,"KY",101,null,null,null,null,null,"Kentucky",1999,null,null,null,null,null,null,"Adair",null,"",null,null,null,null,null,null,null,null,"",null,null,null,null,null,null,45.9],[null,"PR",446,null,null,null,null,null,"Puerto_Rico",2004,null,null,null,null,null,null,"Aguada_Municipio",null,"",null,null,null,null,null,null,null,null,"",null,null,null,null,null,null,null],[null,"VT",406,null,null,null,null,null,"Vermont",2004,null,null,null,null,null,null,"Addison",null,"",null,null,null,null,null,null,null,null,"",null,null,null,null,null,null,67.9],[null,"PR",431,null,0,null,null,null,"Puerto_Rico",2009,0,null,null,null,null,null,"Adjuntas_Municipio",null,"",null,null,null,0,0,null,0,null,"",0,null,0,null,0,null,null],[null,"VA",48,null,0,null,null,null,"Virginia",2006,0,null,null,null,null,null,"Accomack",null,"",null,null,null,0,0,null,0,null,"",0,null,0,null,0,null,67.9],[null,"IA",83,null,null,null,null,null,"Iowa",2001,null,null,null,null,null,null,"Adair",null,"",null,null,null,null,null,null,null,null,"",null,null,null,null,null,null,2.0],[null,"WA",363,null,null,null,null,null,"Washington",2001,null,null,null,null,null,null,"Adams",null,"",null,null,null,null,null,null,null,null,"",null,null,null,null,null,null,2.0],[null,"LA",31,null,0,null,10,null,"Louisiana",2009,1,null,null,null,null,null,"Acadia_Parish",null,"",null,null,null,0,0,null,0,null,"",1,null,0,20.8,0,null,1415.9],[null,"VT",418,null,0,null,null,3,"Vermont",2016,1,null,5.2,88.59,36959,null,"Addison",null,"",3.66,null,3,0,1,null,0,null,"",1,3.33,0,null,1,null,1415.9],[null,"PA",353,11,0,null,8,null,"Pennsylvania",2011,1,null,null,null,101650,null,"Adams",null,"",null,null,null,0,0,null,0,null,"",2,null,0,9.3,0,null,1011.9],[null,"IN",248,null,0,null,null,null,"Indiana",2006,4,null,null,null,null,null,"Adams",null,"",null,null,null,0,0,null,0,null,"",4,null,0,null,0,null,45.9],[null,"VT",417,null,0,101.7,null,3,"Vermont",2015,1,null,6.0,null,36934,353.3,"Addison",null,"",null,1.19,3,0,1,null,0,33,"",1,null,0,null,1,null,1213.9],[null,"OK",142,null,null,null,null,null,"Oklahoma",2000,null,null,null,null,null,null,"Adair",null,"",null,null,null,null,null,null,null,null,"",null,null,null,null,null,null,45.9],[null,"WA",374,null,0,null,null,null,"Washington",2012,1,null,null,null,18925,null,"Adams",null,"",null,null,null,0,0,null,0,null,"",1,null,0,null,0,null,67.9],[null,"LA",27,null,0,null,null,null,"Louisiana",2005,1,null,null,null,null,null,"Acadia_Parish",null,"",null,null,null,0,0,null,0,null,"",1,null,0,null,0,null,1011.9],[null,"PR",455,null,0,null,null,null,"Puerto_Rico",2013,0,null,null,null,null,null,"Aguada_Municipio",null,"",null,null,null,0,0,null,0,null,"",0,null,0,null,0,null,null],[null,"PR",430,null,0,null,null,null,"Puerto_Rico",2008,0,null,null,null,null,null,"Adjuntas_Municipio",null,"",null,null,null,0,0,null,0,null,"",1,null,0,null,0,null,null],[null,"ND",283,null,null,null,null,null,"North_Dakota",2001,null,null,null,null,null,null,"Adams",null,"",null,null,null,null,null,null,null,null,"",null,null,null,null,null,null,2.0],[null,"ID",63,null,null,null,null,null,"Idaho",2001,null,null,null,null,null,null,"Ada",null,"",null,null,null,null,null,null,null,null,"",null,null,null,null,null,null,67.9],[null,"IA",187,null,0,null,null,null,"Iowa",2005,0,null,null,null,null,null,"Adams",null,"",null,null,null,0,0,null,0,null,"",0,null,0,null,0,null,23.9],[null,"PR",489,null,0,null,null,null,"Puerto_Rico",2007,0,null,null,null,null,null,"Aguas_Buenas_Municipio",null,"",null,null,null,0,0,null,0,null,"",1,null,0,null,0,null,null],[null,"PR",464,null,null,null,null,null,"Puerto_Rico",2002,null,null,null,null,null,null,"Aguadilla_Municipio",null,"",null,null,null,null,null,null,null,null,"",null,null,null,null,null,null,null],[null,"PR",473,null,0,null,null,null,"Puerto_Rico",2011,0,null,null,null,null,null,"Aguadilla_Municipio",null,"",null,null,null,0,1,null,0,null,"",2,null,0,null,0,null,null],[null,"MO",126,null,null,null,null,null,"Missouri",2004,null,null,null,null,null,null,"Adair",null,"",null,null,null,null,null,null,null,null,"",null,null,null,null,null,null,67.9],[null,"SC",12,null,0,null,null,null,"South_Carolina",2010,1,null,null,null,25339,366.4,"Abbeville",null,"",null,null,null,0,0,null,0,null,"",1,null,0,null,0,null,67.9],[null,"SC",8,null,0,null,null,null,"South_Carolina",2006,1,null,null,null,null,null,"Abbeville",null,"",null,null,null,0,0,null,0,null,"",1,null,0,null,0,null,45.9],[null,"LA",22,null,null,null,null,null,"Louisiana",2000,null,null,null,null,null,null,"Acadia_Parish",null,"",null,null,null,null,null,null,null,null,"",null,null,null,null,null,null,67.9],[null,"NE",305,null,null,null,null,null,"Nebraska",2003,null,null,null,null,null,null,"Adams",null,"",null,null,null,null,null,null,null,null,"",null,null,null,null,null,null,2.0],[null,"OH",324,null,null,null,null,null,"Ohio",2002,null,null,null,null,null,null,"Adams",null,"",null,null,null,null,null,null,null,null,"",null,null,null,null,null,null,1011.9],[null,"OK",156,null,0,66.8,null,null,"Oklahoma",2014,0,null,null,null,22171,null,"Adair",null,"",null,null,null,0,0,null,0,12,"",1,null,0,null,0,null,1617.9],[null,"MS",264,null,null,null,null,null,"Mississippi",2002,null,null,null,null,null,null,"Adams",null,"",null,null,null,null,null,null,null,null,"",null,null,null,null,null,null,45.9],[null,"OH",330,null,0,null,null,null,"Ohio",2008,0,null,null,null,null,null,"Adams",null,"",null,null,null,0,0,null,0,null,"",1,null,0,null,0,null,1617.9],[null,"CO",172,66,0,null,48,null,"Colorado",2010,10,null,null,null,443681,613.4,"Adams",null,"",null,null,null,0,2,null,0,null,"",26,null,0,13.8,1,14.9,1213.9],[null,"IN",242,null,null,null,null,null,"Indiana",2000,null,null,null,null,null,null,"Adams",null,"",null,null,null,null,null,null,null,null,"",null,null,null,null,null,null,23.9],[null,"SC",3,null,null,null,null,null,"South_Carolina",2001,null,null,null,null,null,null,"Abbeville",null,"",null,null,null,null,null,null,null,null,"",null,null,null,null,null,null,23.9],[null,"KY",110,null,0,null,null,null,"Kentucky",2008,1,null,null,null,null,null,"Adair",null,"",null,null,null,0,0,null,0,null,"",1,null,0,null,0,null,1011.9],[null,"MO",131,null,0,null,null,null,"Missouri",2009,2,null,null,null,null,null,"Adair",null,"",null,null,null,0,0,null,0,null,"",2,null,0,null,0,null,89.9],[null,"IA",93,null,0,null,null,null,"Iowa",2011,0,null,null,null,7565,null,"Adair",null,"",null,null,null,0,0,null,0,null,"",0,null,0,null,0,null,67.9],[null,"MO",136,null,0,180.4,null,null,"Missouri",2014,2,null,null,null,25564,null,"Adair",null,"",null,null,null,1,1,null,1,40,"",2,null,0,null,1,null,1415.9],[null,"CO",178,95,0,null,39,11,"Colorado",2016,15,null,15.6,86.73,498187,null,"Adams",null,"",4.99,null,11,1,10,null,0,null,"",27,3.24,0,9.8,7,19.1,1819.9],[null,"VT",401,null,null,null,null,null,"Vermont",1999,null,null,null,null,null,null,"Addison",null,"",null,null,null,null,null,null,null,null,"",null,null,null,null,null,null,45.9],[null,"IL",222,null,null,null,null,null,"Illinois",2000,null,null,null,null,null,null,"Adams",null,"",null,null,null,null,null,null,null,null,"",null,null,null,null,null,null,45.9],[null,"PR",441,null,null,null,null,null,"Puerto_Rico",1999,null,null,null,null,null,null,"Aguada_Municipio",null,"",null,null,null,null,null,null,null,null,"",null,null,null,null,null,null,null],[null,"LA",29,null,0,null,null,null,"Louisiana",2007,1,null,null,null,null,null,"Acadia_Parish",null,"",null,null,null,0,0,null,0,null,"",1,null,0,null,0,null,1213.9],[null,"PR",426,null,null,null,null,null,"Puerto_Rico",2004,null,null,null,null,null,null,"Adjuntas_Municipio",null,"",null,null,null,null,null,null,null,null,"",null,null,null,null,null,null,null],[null,"VA",43,null,null,null,null,null,"Virginia",2001,null,null,null,null,null,null,"Accomack",null,"",null,null,null,null,null,null,null,null,"",null,null,null,null,null,null,45.9],[null,"WI",392,null,0,null,null,null,"Wisconsin",2010,1,null,null,null,20865,658.5,"Adams",null,"",null,null,null,0,0,null,0,null,"",2,null,0,null,0,null,1213.9],[null,"ND",293,null,0,null,null,null,"North_Dakota",2011,0,null,null,null,2304,null,"Adams",null,"",null,null,null,0,0,null,0,null,"",0,null,0,null,0,null,2.0],[null,"OH",331,null,0,null,null,null,"Ohio",2009,1,null,null,null,null,null,"Adams",null,"",null,null,null,0,0,null,0,null,"",1,null,0,null,0,null,1819.9],[null,"PR",485,null,null,null,null,null,"Puerto_Rico",2003,null,null,null,null,null,null,"Aguas_Buenas_Municipio",null,"",null,null,null,null,null,null,null,null,"",null,null,null,null,null,null,null],[null,"ID",69,null,0,null,null,null,"Idaho",2007,5,null,null,null,null,null,"Ada",null,"",null,null,null,0,0,null,0,null,"",10,null,0,null,0,null,1011.9],[null,"KY",105,null,null,null,null,null,"Kentucky",2003,null,null,null,null,null,null,"Adair",null,"",null,null,null,null,null,null,null,null,"",null,null,null,null,null,null,67.9],[null,"ID",204,null,null,null,null,null,"Idaho",2002,null,null,null,null,null,null,"Adams",null,"",null,null,null,null,null,null,null,null,"",null,null,null,null,null,null,23.9],[null,"CO",170,null,0,null,66,null,"Colorado",2008,1,null,null,null,null,null,"Adams",null,"",null,null,null,0,0,null,0,null,"",23,null,0,19.5,0,null,1011.9],[null,"ID",77,44,2,64.6,18,31,"Idaho",2015,16,null,11.1,null,433467,784.6,"Ada",null,"",null,2.84,31,5,9,null,2,231,"",20,null,0,5.0,6,10.1,1617.9],[null,"PR",450,null,0,null,null,null,"Puerto_Rico",2008,0,null,null,null,null,null,"Aguada_Municipio",null,"",null,null,null,0,0,null,0,null,"",0,null,0,null,0,null,null],[null,"WI",387,null,0,null,null,null,"Wisconsin",2005,1,null,null,null,null,null,"Adams",null,"",null,null,null,0,0,null,0,null,"",1,null,0,null,0,null,89.9],[null,"PR",435,null,0,null,null,null,"Puerto_Rico",2013,0,null,null,null,null,null,"Adjuntas_Municipio",null,"",null,null,null,0,0,null,0,null,"",0,null,0,null,0,null,null],[null,"PR",494,null,0,null,null,null,"Puerto_Rico",2012,0,null,null,null,null,null,"Aguas_Buenas_Municipio",null,"",null,null,null,0,0,null,0,null,"",0,null,0,null,0,null,null],[null,"ND",296,null,0,null,null,null,"North_Dakota",2014,0,null,null,null,2367,null,"Adams",null,"",null,null,null,0,0,null,0,null,"",0,null,0,null,0,null,2.0],[null,"IA",193,null,0,null,null,null,"Iowa",2011,0,null,null,null,3996,null,"Adams",null,"",null,null,null,0,0,null,0,null,"",0,null,0,null,0,null,89.9],[null,"NE",309,null,0,null,null,null,"Nebraska",2007,2,null,null,null,null,null,"Adams",null,"",null,null,null,0,0,null,0,null,"",3,null,0,null,0,null,23.9],[null,"IA",182,null,null,null,null,null,"Iowa",2000,null,null,null,null,null,null,"Adams",null,"",null,null,null,null,null,null,null,null,"",null,null,null,null,null,null,2.0],[null,"OK",154,null,0,null,null,null,"Oklahoma",2012,0,null,null,null,22252,null,"Adair",null,"",null,null,null,0,0,null,0,null,"",0,null,0,null,0,null,1415.9],[null,"IA",198,null,0,null,null,0,"Iowa",2016,0,null,7.7,88.63,3693,null,"Adams",null,"",3.5,null,0,0,0,null,0,null,"",0,2.11,0,null,0,null,1617.9],[null,"IL",237,16,0,78.5,null,4,"Illinois",2015,2,null,8.4,null,66974,1128.1,"Adams",null,"",null,2.42,4,0,1,null,0,44,"",3,null,0,null,1,null,1011.9],[null,"MO",121,null,null,null,null,null,"Missouri",1999,null,null,null,null,null,null,"Adair",null,"",null,null,null,null,null,null,null,null,"",null,null,null,null,null,null,23.9],[null,"PA",347,null,0,null,null,null,"Pennsylvania",2005,0,null,null,null,null,null,"Adams",null,"",null,null,null,0,0,null,0,null,"",2,null,0,null,0,null,67.9],[null,"WI",395,null,0,null,null,null,"Wisconsin",2013,1,null,null,null,20494,null,"Adams",null,"",null,null,null,0,0,null,0,null,"",1,null,0,null,0,null,1617.9],[null,"PA",349,null,0,null,null,null,"Pennsylvania",2007,1,null,null,null,null,null,"Adams",null,"",null,null,null,0,0,null,0,null,"",1,null,0,null,0,null,67.9],[null,"PR",468,null,0,null,null,null,"Puerto_Rico",2006,0,null,null,null,null,null,"Aguadilla_Municipio",null,"",null,null,null,0,1,null,0,null,"",2,null,0,null,0,null,null],[null,"OH",326,null,null,null,null,null,"Ohio",2004,null,null,null,null,null,null,"Adams",null,"",null,null,null,null,null,null,null,null,"",null,null,null,null,null,null,1213.9],[null,"VA",57,null,0,346.3,6,1,"Virginia",2015,1,null,17.5,null,32995,574.7,"Accomack",null,"",null,0.56,1,0,0,null,0,97,"",1,null,0,21.4,0,null,1213.9],[null,"WA",378,null,0,null,null,1,"Washington",2016,1,null,20.2,86.69,19238,null,"Adams",null,"",4.68,null,1,0,0,null,0,null,"",1,3.23,0,null,0,null,89.9],[null,"OH",338,12,0,null,null,1,"Ohio",2016,2,51,12.7,81.43,27907,null,"Adams",null,"",5.41,null,1,0,2,null,0,null,"",2,3.07,0,null,2,null,2829.9],[null,"CO",164,null,null,null,null,null,"Colorado",2002,null,null,null,null,null,null,"Adams",null,"",null,null,null,null,null,null,null,null,"",null,null,null,null,null,null,89.9],[null,"OK",146,null,null,null,null,null,"Oklahoma",2004,null,null,null,null,null,null,"Adair",null,"",null,null,null,null,null,null,null,null,"",null,null,null,null,null,null,67.9],[null,"WI",382,null,null,null,null,null,"Wisconsin",2000,null,null,null,null,null,null,"Adams",null,"",null,null,null,null,null,null,null,null,"",null,null,null,null,null,null,67.9],[null,"IN",258,null,0,null,null,4,"Indiana",2016,3,null,21.4,88.13,35232,null,"Adams",null,"",4.87,null,4,0,2,null,0,null,"",3,2.78,0,null,2,null,1213.9],[null,"ND",287,null,0,null,null,null,"North_Dakota",2005,0,null,null,null,null,null,"Adams",null,"",null,null,null,0,0,null,0,null,"",0,null,0,null,0,null,2.0],[null,"PA",344,null,null,null,null,null,"Pennsylvania",2002,null,null,null,null,null,null,"Adams",null,"",null,null,null,null,null,null,null,null,"",null,null,null,null,null,null,45.9],[null,"IA",191,null,0,null,null,null,"Iowa",2009,0,null,null,null,null,null,"Adams",null,"",null,null,null,0,0,null,0,null,"",0,null,0,null,0,null,67.9],[null,"MS",271,null,0,null,5,null,"Mississippi",2009,0,null,null,null,null,null,"Adams",null,"",null,null,null,0,0,null,0,null,"",0,null,0,19.7,0,null,67.9],[null,"NE",315,null,0,null,null,null,"Nebraska",2013,3,null,null,null,31590,null,"Adams",null,"",null,null,null,0,0,null,0,null,"",3,null,0,null,0,null,67.9],[null,"PR",467,null,0,null,null,null,"Puerto_Rico",2005,0,null,null,null,null,null,"Aguadilla_Municipio",null,"",null,null,null,0,1,null,0,null,"",3,null,0,null,0,null,null],[null,"PA",348,null,0,null,null,null,"Pennsylvania",2006,1,null,null,null,null,null,"Adams",null,"",null,null,null,0,0,null,0,null,"",2,null,0,null,0,null,67.9],[null,"IN",247,null,0,null,null,null,"Indiana",2005,3,null,null,null,null,null,"Adams",null,"",null,null,null,0,0,null,0,null,"",3,null,0,null,0,null,45.9],[null,"LA",26,null,null,null,null,null,"Louisiana",2004,null,null,null,null,null,null,"Acadia_Parish",null,"",null,null,null,null,null,null,null,null,"",null,null,null,null,null,null,1011.9],[null,"OK",151,null,0,null,null,null,"Oklahoma",2009,2,null,null,null,null,null,"Adair",null,"",null,null,null,0,0,null,0,null,"",2,null,0,null,0,null,1011.9],[null,"IL",236,null,0,74.9,null,null,"Illinois",2014,0,null,null,null,67031,null,"Adams",null,"",null,null,null,0,0,null,0,42,"",1,null,0,null,0,null,1011.9],[null,"ID",78,70,3,null,13,32,"Idaho",2016,12,null,10.7,88.08,444028,null,"Ada",null,"",4.72,null,34,4,5,null,1,null,"",16,2.6,1,3.5,2,15.8,1617.9],[null,"NE",314,null,0,null,null,null,"Nebraska",2012,3,null,null,null,31390,null,"Adams",null,"",null,null,null,0,0,null,0,null,"",3,null,0,null,0,null,45.9],[null,"VT",410,null,0,null,null,null,"Vermont",2008,1,null,null,null,null,null,"Addison",null,"",null,null,null,0,0,null,0,null,"",1,null,0,null,0,null,89.9],[null,"PR",421,null,null,null,null,null,"Puerto_Rico",1999,null,null,null,null,null,null,"Adjuntas_Municipio",null,"",null,null,null,null,null,null,null,null,"",null,null,null,null,null,null,null],[null,"IN",257,null,0,null,null,4,"Indiana",2015,3,null,23.8,null,34967,639.4,"Adams",null,"",null,1.3,4,0,2,null,0,null,"",3,null,0,null,2,null,1011.9],[null,"IA",87,null,0,null,null,null,"Iowa",2005,1,null,null,null,null,null,"Adair",null,"",null,null,null,0,0,null,0,null,"",1,null,0,null,0,null,23.9],[null,"MS",274,null,0,null,11,null,"Mississippi",2012,0,null,null,null,32180,null,"Adams",null,"",null,null,null,0,0,null,0,null,"",0,null,0,40.5,0,null,89.9],[null,"MS",268,null,0,null,null,null,"Mississippi",2006,0,null,null,null,null,null,"Adams",null,"",null,null,null,0,0,null,0,null,"",0,null,0,null,0,null,67.9],[null,"KY",114,null,0,null,null,null,"Kentucky",2012,2,null,null,null,18931,null,"Adair",null,"",null,null,null,0,0,null,0,null,"",3,null,0,null,0,null,1415.9],[null,"WA",367,null,0,null,null,null,"Washington",2005,1,null,null,null,null,null,"Adams",null,"",null,null,null,0,0,null,0,null,"",1,null,0,null,0,null,23.9],[null,"PR",478,null,0,null,null,1,"Puerto_Rico",2016,0,null,5.5,null,null,null,"Aguadilla_Municipio",null,"",null,null,1,0,1,null,0,null,"",2,null,0,null,0,null,null],[null,"IN",246,null,null,null,null,null,"Indiana",2004,null,null,null,null,null,null,"Adams",null,"",null,null,null,null,null,null,null,null,"",null,null,null,null,null,null,45.9],[null,"WA",376,null,0,92.2,null,null,"Washington",2014,1,null,null,null,19127,null,"Adams",null,"",null,null,null,0,0,null,0,13,"",1,null,0,null,0,null,67.9],[null,"KY",113,null,0,null,null,null,"Kentucky",2011,1,null,null,null,18978,null,"Adair",null,"",null,null,null,0,0,null,0,null,"",1,null,0,null,0,null,1213.9],[null,"ID",68,null,0,null,null,null,"Idaho",2006,6,null,null,null,null,null,"Ada",null,"",null,null,null,0,0,null,0,null,"",12,null,0,null,0,null,89.9],[null,"CO",171,null,0,null,56,null,"Colorado",2009,9,null,null,null,null,null,"Adams",null,"",null,null,null,0,0,null,0,null,"",28,null,0,16.2,0,null,1213.9],[null,"PA",358,24,0,null,7,4,"Pennsylvania",2016,1,null,7.4,87.5,102180,null,"Adams",null,"",3.61,null,4,0,0,null,0,null,"",1,2.48,0,8.0,0,23.5,1213.9],[null,"VT",405,null,null,null,null,null,"Vermont",2003,null,null,null,null,null,null,"Addison",null,"",null,null,null,null,null,null,null,null,"",null,null,null,null,null,null,45.9],[null,"IL",226,null,null,null,null,null,"Illinois",2004,null,null,null,null,null,null,"Adams",null,"",null,null,null,null,null,null,null,null,"",null,null,null,null,null,null,45.9],[null,"PR",445,null,null,null,null,null,"Puerto_Rico",2003,null,null,null,null,null,null,"Aguada_Municipio",null,"",null,null,null,null,null,null,null,null,"",null,null,null,null,null,null,null],[null,"IA",192,null,0,null,null,null,"Iowa",2010,0,null,null,null,4026,553.1,"Adams",null,"",null,null,null,0,0,null,0,null,"",0,null,0,null,0,null,67.9],[null,"VA",47,null,0,null,null,null,"Virginia",2005,0,null,null,null,null,null,"Accomack",null,"",null,null,null,0,0,null,0,null,"",0,null,0,null,0,null,67.9],[null,"IA",82,null,null,null,null,null,"Iowa",2000,null,null,null,null,null,null,"Adair",null,"",null,null,null,null,null,null,null,null,"",null,null,null,null,null,null,2.0],[null,"WA",362,null,null,null,null,null,"Washington",2000,null,null,null,null,null,null,"Adams",null,"",null,null,null,null,null,null,null,null,"",null,null,null,null,null,null,2.0],[null,"ND",292,null,0,null,null,null,"North_Dakota",2010,0,null,null,null,2349,1394.6,"Adams",null,"",null,null,null,0,0,null,0,null,"",0,null,0,null,0,null,2.0],[null,"OK",141,null,null,null,null,null,"Oklahoma",1999,null,null,null,null,null,null,"Adair",null,"",null,null,null,null,null,null,null,null,"",null,null,null,null,null,null,45.9],[null,"PR",454,null,0,null,null,null,"Puerto_Rico",2012,0,null,null,null,null,null,"Aguada_Municipio",null,"",null,null,null,0,0,null,0,null,"",0,null,0,null,0,null,null],[null,"IL",234,null,0,null,null,null,"Illinois",2012,1,null,null,null,67164,null,"Adams",null,"",null,null,null,0,0,null,0,null,"",3,null,0,null,0,null,89.9],[null,"PR",498,null,0,null,null,0,"Puerto_Rico",2016,0,null,5.1,null,null,null,"Aguas_Buenas_Municipio",null,"",null,null,0,0,0,null,0,null,"",0,null,0,null,0,null,null],[null,"ND",282,null,null,null,null,null,"North_Dakota",2000,null,null,null,null,null,null,"Adams",null,"",null,null,null,null,null,null,null,null,"",null,null,null,null,null,null,2.0],[null,"ID",62,null,null,null,null,null,"Idaho",2000,null,null,null,null,null,null,"Ada",null,"",null,null,null,null,null,null,null,null,"",null,null,null,null,null,null,67.9],[null,"IA",91,null,0,null,null,null,"Iowa",2009,0,null,null,null,null,null,"Adair",null,"",null,null,null,0,0,null,0,null,"",0,null,0,null,0,null,45.9],[null,"IA",186,null,null,null,null,null,"Iowa",2004,null,null,null,null,null,null,"Adams",null,"",null,null,null,null,null,null,null,null,"",null,null,null,null,null,null,23.9],[null,"PR",488,null,0,null,null,null,"Puerto_Rico",2006,0,null,null,null,null,null,"Aguas_Buenas_Municipio",null,"",null,null,null,0,0,null,0,null,"",1,null,0,null,0,null,null],[null,"MO",125,null,null,null,null,null,"Missouri",2003,null,null,null,null,null,null,"Adair",null,"",null,null,null,null,null,null,null,null,"",null,null,null,null,null,null,45.9],[null,"PR",463,null,null,null,null,null,"Puerto_Rico",2001,null,null,null,null,null,null,"Aguadilla_Municipio",null,"",null,null,null,null,null,null,null,null,"",null,null,null,null,null,null,null],[null,"PR",472,null,0,null,null,null,"Puerto_Rico",2010,0,null,null,null,null,null,"Aguadilla_Municipio",null,"",null,null,null,0,1,null,0,null,"",2,null,0,null,0,null,null],[null,"OH",333,null,0,null,null,null,"Ohio",2011,1,null,null,null,28522,null,"Adams",null,"",null,null,null,0,0,null,0,null,"",1,null,0,null,0,null,2021.9],[null,"SC",7,null,0,null,null,null,"South_Carolina",2005,1,null,null,null,null,null,"Abbeville",null,"",null,null,null,0,0,null,0,null,"",1,null,0,null,0,null,45.9],[null,"ID",207,null,0,null,null,null,"Idaho",2005,0,null,null,null,null,null,"Adams",null,"",null,null,null,0,0,null,0,null,"",1,null,0,null,0,null,23.9],[null,"NE",304,null,null,null,null,null,"Nebraska",2002,null,null,null,null,null,null,"Adams",null,"",null,null,null,null,null,null,null,null,"",null,null,null,null,null,null,2.0],[null,"WI",386,null,null,null,null,null,"Wisconsin",2004,null,null,null,null,null,null,"Adams",null,"",null,null,null,null,null,null,null,null,"",null,null,null,null,null,null,89.9],[null,"OH",323,null,null,null,null,null,"Ohio",2001,null,null,null,null,null,null,"Adams",null,"",null,null,null,null,null,null,null,null,"",null,null,null,null,null,null,1011.9],[null,"LA",21,null,null,null,null,null,"Louisiana",1999,null,null,null,null,null,null,"Acadia_Parish",null,"",null,null,null,null,null,null,null,null,"",null,null,null,null,null,null,67.9],[null,"ND",298,null,0,null,null,0,"North_Dakota",2016,0,null,6.8,84.91,2305,null,"Adams",null,"",3.54,null,0,0,0,null,0,null,"",0,2.12,0,null,0,null,23.9],[null,"IN",255,null,0,null,null,null,"Indiana",2013,3,null,null,null,34664,null,"Adams",null,"",null,null,null,0,0,null,0,null,"",3,null,0,null,0,null,89.9],[null,"MO",134,null,0,null,null,null,"Missouri",2012,2,null,null,null,25680,null,"Adair",null,"",null,null,null,0,1,null,0,null,"",2,null,0,null,1,null,1213.9],[null,"ID",213,null,0,null,null,null,"Idaho",2011,0,null,null,null,3982,null,"Adams",null,"",null,null,null,0,0,null,0,null,"",0,null,0,null,0,null,89.9],[null,"MS",263,null,null,null,null,null,"Mississippi",2001,null,null,null,null,null,null,"Adams",null,"",null,null,null,null,null,null,null,null,"",null,null,null,null,null,null,23.9],[null,"ND",291,null,0,null,null,null,"North_Dakota",2009,0,null,null,null,null,null,"Adams",null,"",null,null,null,0,0,null,0,null,"",0,null,0,null,0,null,2.0],[null,"PR",487,null,0,null,null,null,"Puerto_Rico",2005,0,null,null,null,null,null,"Aguas_Buenas_Municipio",null,"",null,null,null,0,0,null,0,null,"",2,null,0,null,0,null,null],[null,"WA",370,null,0,null,null,null,"Washington",2008,0,null,null,null,null,null,"Adams",null,"",null,null,null,0,0,null,0,null,"",1,null,0,null,0,null,45.9],[null,"IN",241,null,null,null,null,null,"Indiana",1999,null,null,null,null,null,null,"Adams",null,"",null,null,null,null,null,null,null,null,"",null,null,null,null,null,null,23.9],[null,"SC",2,null,null,null,null,null,"South_Carolina",2000,null,null,null,null,null,null,"Abbeville",null,"",null,null,null,null,null,null,null,null,"",null,null,null,null,null,null,23.9],[null,"MO",130,null,0,null,null,null,"Missouri",2008,2,null,null,null,null,null,"Adair",null,"",null,null,null,0,0,null,0,null,"",2,null,0,null,0,null,89.9],[null,"KY",109,null,0,null,null,null,"Kentucky",2007,1,null,null,null,null,null,"Adair",null,"",null,null,null,0,0,null,0,null,"",1,null,0,null,0,null,89.9],[null,"VA",56,null,0,368.0,7,null,"Virginia",2014,1,null,null,null,33024,null,"Accomack",null,"",null,null,null,0,0,null,0,103,"",1,null,0,25.0,0,null,1213.9],[null,"ID",208,null,0,null,null,null,"Idaho",2006,1,null,null,null,null,null,"Adams",null,"",null,null,null,0,0,null,0,null,"",1,null,0,null,0,null,23.9],[null,"PR",477,null,0,null,null,1,"Puerto_Rico",2015,0,null,5.6,null,null,null,"Aguadilla_Municipio",null,"",null,0.69,2,0,1,null,0,null,"",2,null,0,null,0,null,null],[null,"IL",221,null,null,null,null,null,"Illinois",1999,null,null,null,null,null,null,"Adams",null,"",null,null,null,null,null,null,null,null,"",null,null,null,null,null,null,45.9],[null,"ID",72,47,0,null,18,null,"Idaho",2010,3,null,null,null,393483,776.2,"Ada",null,"",null,null,null,1,3,null,0,null,"",14,null,0,5.7,1,12.0,1213.9],[null,"ND",297,null,0,null,null,0,"North_Dakota",2015,0,null,8.8,null,2373,1266.7,"Adams",null,"",null,4.59,0,0,0,null,0,null,"",0,null,0,null,0,null,23.9],[null,"LA",36,10,0,198.0,6,null,"Louisiana",2014,1,null,null,null,62562,null,"Acadia_Parish",null,"",null,null,null,0,1,null,0,100,"",1,null,0,11.9,1,null,1819.9],[null,"VA",42,null,null,null,null,null,"Virginia",2000,null,null,null,null,null,null,"Accomack",null,"",null,null,null,null,null,null,null,null,"",null,null,null,null,null,null,45.9],[null,"PR",484,null,null,null,null,null,"Puerto_Rico",2002,null,null,null,null,null,null,"Aguas_Buenas_Municipio",null,"",null,null,null,null,null,null,null,null,"",null,null,null,null,null,null,null],[null,"PR",425,null,null,null,null,null,"Puerto_Rico",2003,null,null,null,null,null,null,"Adjuntas_Municipio",null,"",null,null,null,null,null,null,null,null,"",null,null,null,null,null,null,null],[null,"OH",334,10,0,null,null,null,"Ohio",2012,1,null,null,null,28358,null,"Adams",null,"",null,null,null,0,0,null,0,null,"",1,null,0,null,0,null,2223.9],[null,"IL",227,null,0,null,null,null,"Illinois",2005,1,null,null,null,null,null,"Adams",null,"",null,null,null,0,0,null,0,null,"",5,null,0,null,0,null,67.9],[null,"WA",371,null,0,null,null,null,"Washington",2009,1,null,null,null,null,null,"Adams",null,"",null,null,null,0,0,null,0,null,"",1,null,0,null,0,null,45.9],[null,"LA",32,21,0,null,9,null,"Louisiana",2010,1,null,null,null,61850,755.9,"Acadia_Parish",null,"",null,null,null,0,0,null,0,null,"",1,null,0,18.1,0,34.0,1415.9],[null,"CO",176,96,0,220.7,38,null,"Colorado",2014,11,null,null,null,480446,null,"Adams",null,"",null,null,null,6,13,null,4,845,"",28,null,0,9.9,6,20.0,1617.9],[null,"PR",458,null,0,null,null,0,"Puerto_Rico",2016,0,null,5.4,null,null,null,"Aguada_Municipio",null,"",null,null,0,0,0,null,0,null,"",0,null,0,null,0,null,null],[null,"NE",312,null,0,null,null,null,"Nebraska",2010,2,null,null,null,31342,621.5,"Adams",null,"",null,null,null,0,0,null,0,null,"",3,null,0,null,0,null,45.9],[null,"KY",104,null,null,null,null,null,"Kentucky",2002,null,null,null,null,null,null,"Adair",null,"",null,null,null,null,null,null,null,null,"",null,null,null,null,null,null,67.9],[null,"ID",203,null,null,null,null,null,"Idaho",2001,null,null,null,null,null,null,"Adams",null,"",null,null,null,null,null,null,null,null,"",null,null,null,null,null,null,2.0],[null,"KY",108,null,0,null,null,null,"Kentucky",2006,1,null,null,null,null,null,"Adair",null,"",null,null,null,0,0,null,0,null,"",2,null,0,null,0,null,89.9],[null,"SC",15,null,0,null,null,null,"South_Carolina",2013,0,null,null,null,24964,null,"Abbeville",null,"",null,null,null,0,0,null,0,null,"",0,null,0,null,0,null,89.9],[null,"MO",135,null,0,null,null,null,"Missouri",2013,2,null,null,null,25702,null,"Adair",null,"",null,null,null,0,1,null,0,null,"",2,null,0,null,1,null,1213.9],[null,"PR",449,null,0,null,null,null,"Puerto_Rico",2007,0,null,null,null,null,null,"Aguada_Municipio",null,"",null,null,null,0,0,null,0,null,"",0,null,0,null,0,null,null],[null,"PR",434,null,0,null,null,null,"Puerto_Rico",2012,0,null,null,null,null,null,"Adjuntas_Municipio",null,"",null,null,null,0,0,null,0,null,"",0,null,0,null,0,null,null],[null,"NE",308,null,0,null,null,null,"Nebraska",2006,2,null,null,null,null,null,"Adams",null,"",null,null,null,0,0,null,0,null,"",3,null,0,null,0,null,23.9],[null,"OH",325,null,null,null,null,null,"Ohio",2003,null,null,null,null,null,null,"Adams",null,"",null,null,null,null,null,null,null,null,"",null,null,null,null,null,null,1213.9],[null,"VA",51,null,0,null,null,null,"Virginia",2009,0,null,null,null,null,null,"Accomack",null,"",null,null,null,0,0,null,0,null,"",0,null,0,null,0,null,89.9],[null,"IA",181,null,null,null,null,null,"Iowa",1999,null,null,null,null,null,null,"Adams",null,"",null,null,null,null,null,null,null,null,"",null,null,null,null,null,null,2.0],[null,"IA",86,null,null,null,null,null,"Iowa",2004,null,null,null,null,null,null,"Adair",null,"",null,null,null,null,null,null,null,null,"",null,null,null,null,null,null,23.9],[null,"WA",366,null,null,null,null,null,"Washington",2004,null,null,null,null,null,null,"Adams",null,"",null,null,null,null,null,null,null,null,"",null,null,null,null,null,null,23.9],[null,"ID",212,null,0,null,null,null,"Idaho",2010,0,null,null,null,3955,null,"Adams",null,"",null,null,null,0,0,null,0,null,"",0,null,0,null,0,null,67.9],[null,"ND",295,null,0,null,null,null,"North_Dakota",2013,0,null,null,null,2375,null,"Adams",null,"",null,null,null,0,0,null,0,null,"",0,null,0,null,0,null,2.0],[null,"PR",493,null,0,null,null,null,"Puerto_Rico",2011,0,null,null,null,null,null,"Aguas_Buenas_Municipio",null,"",null,null,null,0,0,null,0,null,"",0,null,0,null,0,null,null],[null,"OK",158,null,0,null,null,0,"Oklahoma",2016,0,null,26.5,85.78,22098,null,"Adair",null,"",4.88,null,0,0,0,null,0,null,"",0,2.11,0,null,0,null,1819.9],[null,"WI",393,null,0,null,null,null,"Wisconsin",2011,1,null,null,null,20919,null,"Adams",null,"",null,null,null,0,0,null,0,null,"",1,null,0,null,0,null,1415.9],[null,"CO",163,null,null,null,null,null,"Colorado",2001,null,null,null,null,null,null,"Adams",null,"",null,null,null,null,null,null,null,null,"",null,null,null,null,null,null,67.9],[null,"MO",138,null,0,null,null,2,"Missouri",2016,2,null,8.8,85.77,25359,null,"Adair",null,"",4.51,null,2,1,1,null,1,null,"",2,2.74,0,null,1,null,1617.9],[null,"KY",117,null,0,54.7,null,2,"Kentucky",2015,2,null,14.6,null,19264,846.8,"Adair",null,"",null,2.45,2,1,1,null,0,9,"",3,null,0,null,0,null,1617.9],[null,"OK",145,null,null,null,null,null,"Oklahoma",2003,null,null,null,null,null,null,"Adair",null,"",null,null,null,null,null,null,null,null,"",null,null,null,null,null,null,67.9],[null,"WI",381,null,null,null,null,null,"Wisconsin",1999,null,null,null,null,null,null,"Adams",null,"",null,null,null,null,null,null,null,null,"",null,null,null,null,null,null,45.9],[null,"PR",448,null,0,null,null,null,"Puerto_Rico",2006,0,null,null,null,null,null,"Aguada_Municipio",null,"",null,null,null,0,0,null,0,null,"",1,null,0,null,0,null,null],[null,"IN",251,null,0,null,null,null,"Indiana",2009,4,null,null,null,null,null,"Adams",null,"",null,null,null,0,0,null,0,null,"",4,null,0,null,0,null,67.9],[null,"ND",286,null,null,null,null,null,"North_Dakota",2004,null,null,null,null,null,null,"Adams",null,"",null,null,null,null,null,null,null,null,"",null,null,null,null,null,null,2.0],[null,"ID",66,null,null,null,null,null,"Idaho",2004,null,null,null,null,null,null,"Ada",null,"",null,null,null,null,null,null,null,null,"",null,null,null,null,null,null,89.9],[null,"IA",190,null,0,null,null,null,"Iowa",2008,0,null,null,null,null,null,"Adams",null,"",null,null,null,0,0,null,0,null,"",0,null,0,null,0,null,45.9],[null,"PA",343,null,null,null,null,null,"Pennsylvania",2001,null,null,null,null,null,null,"Adams",null,"",null,null,null,null,null,null,null,null,"",null,null,null,null,null,null,45.9],[null,"IA",96,null,0,174.8,null,null,"Iowa",2014,0,null,null,null,7416,null,"Adair",null,"",null,null,null,0,0,null,0,11,"",0,null,0,null,0,null,89.9],[null,"KY",116,null,0,49.5,null,null,"Kentucky",2014,1,null,null,null,19210,null,"Adair",null,"",null,null,null,1,1,null,0,8,"",3,null,0,null,0,null,1617.9],[null,"PR",492,null,0,null,null,null,"Puerto_Rico",2010,0,null,null,null,null,null,"Aguas_Buenas_Municipio",null,"",null,null,null,0,0,null,0,null,"",1,null,0,null,0,null,null],[null,"MS",270,null,0,null,5,null,"Mississippi",2008,0,null,null,null,null,null,"Adams",null,"",null,null,null,0,0,null,0,null,"",0,null,0,19.4,0,null,67.9],[null,"PR",476,null,0,null,null,null,"Puerto_Rico",2014,0,null,null,null,null,null,"Aguadilla_Municipio",null,"",null,null,null,0,1,null,0,null,"",2,null,0,null,0,null,null],[null,"CO",173,93,0,null,40,null,"Colorado",2011,9,null,null,null,452040,null,"Adams",null,"",null,null,null,0,1,null,0,null,"",29,null,0,11.2,1,20.6,1415.9],[null,"PA",357,null,0,119.9,null,2,"Pennsylvania",2015,1,null,8.2,null,102063,545.1,"Adams",null,"",null,1.31,2,0,0,null,0,105,"",1,null,0,null,0,null,1213.9],[null,"SC",11,null,0,null,null,null,"South_Carolina",2009,1,null,null,null,null,null,"Abbeville",null,"",null,null,null,0,0,null,0,null,"",1,null,0,null,0,null,67.9],[null,"OK",150,null,0,null,null,null,"Oklahoma",2008,2,null,null,null,null,null,"Adair",null,"",null,null,null,0,0,null,0,null,"",2,null,0,null,0,null,1011.9],[null,"LA",25,null,null,null,null,null,"Louisiana",2003,null,null,null,null,null,null,"Acadia_Parish",null,"",null,null,null,null,null,null,null,null,"",null,null,null,null,null,null,89.9],[null,"VA",55,null,0,null,5,null,"Virginia",2013,1,null,null,null,33012,null,"Accomack",null,"",null,null,null,0,0,null,0,null,"",1,null,0,17.9,0,null,1213.9],[null,"ID",76,69,2,83.9,11,null,"Idaho",2014,11,null,null,null,426420,null,"Ada",null,"",null,null,null,6,7,null,3,294,"",19,null,1,3.1,3,16.2,1415.9],[null,"VT",409,null,0,null,null,null,"Vermont",2007,1,null,null,null,null,null,"Addison",null,"",null,null,null,0,0,null,0,null,"",1,null,0,null,0,null,67.9],[null,"PR",438,null,0,null,null,0,"Puerto_Rico",2016,0,null,6.9,null,null,null,"Adjuntas_Municipio",null,"",null,null,0,0,0,null,0,null,"",0,null,0,null,0,null,null],[null,"MS",267,null,0,null,null,null,"Mississippi",2005,0,null,null,null,null,null,"Adams",null,"",null,null,null,0,0,null,0,null,"",0,null,0,null,0,null,45.9],[null,"SC",17,null,0,254.2,null,1,"South_Carolina",2015,1,null,12.6,null,24971,413.6,"Abbeville",null,"",null,1.19,1,0,0,null,0,54,"",1,null,0,null,0,null,1011.9],[null,"IA",98,null,0,null,null,1,"Iowa",2016,0,null,6.3,88.63,7092,null,"Adair",null,"",3.5,null,1,0,0,null,0,null,"",1,2.11,0,null,0,null,1011.9],[null,"CO",174,96,0,null,44,null,"Colorado",2012,11,null,null,null,460472,null,"Adams",null,"",null,null,null,0,5,null,0,null,"",35,null,0,12.1,2,20.9,1415.9],[null,"IN",245,null,null,null,null,null,"Indiana",2003,null,null,null,null,null,null,"Adams",null,"",null,null,null,null,null,null,null,null,"",null,null,null,null,null,null,45.9],[null,"SC",6,null,null,null,null,null,"South_Carolina",2004,null,null,null,null,null,null,"Abbeville",null,"",null,null,null,null,null,null,null,null,"",null,null,null,null,null,null,45.9],[null,"IN",252,null,0,null,null,null,"Indiana",2010,4,null,null,null,34455,599.9,"Adams",null,"",null,null,null,0,0,null,0,null,"",4,null,0,null,0,null,89.9],[null,"OK",153,null,0,null,null,null,"Oklahoma",2011,1,null,null,null,22518,null,"Adair",null,"",null,null,null,0,0,null,0,null,"",1,null,0,null,0,null,1213.9],[null,"IL",235,null,0,null,null,null,"Illinois",2013,1,null,null,null,66997,null,"Adams",null,"",null,null,null,0,0,null,0,null,"",2,null,0,null,0,null,1011.9],[null,"IA",197,null,0,null,null,0,"Iowa",2015,0,null,6.6,null,3758,45.6,"Adams",null,"",null,1.3,0,0,0,null,0,null,"",0,null,0,null,0,null,1415.9],[null,"OK",157,null,0,56.0,null,1,"Oklahoma",2015,0,null,28.0,null,22050,962.7,"Adair",null,"",null,2.37,1,0,0,null,0,10,"",1,null,0,null,0,null,1819.9],[null,"NE",316,null,0,38.3,null,null,"Nebraska",2014,3,null,null,null,31433,null,"Adams",null,"",null,null,null,0,0,null,0,10,"",3,null,0,null,0,null,67.9],[null,"ID",70,null,0,null,12,null,"Idaho",2008,4,null,null,null,null,null,"Ada",null,"",null,null,null,0,1,null,0,null,"",10,null,0,3.9,1,null,1011.9],[null,"VT",404,null,null,null,null,null,"Vermont",2002,null,null,null,null,null,null,"Addison",null,"",null,null,null,null,null,null,null,null,"",null,null,null,null,null,null,45.9],[null,"IL",225,null,null,null,null,null,"Illinois",2003,null,null,null,null,null,null,"Adams",null,"",null,null,null,null,null,null,null,null,"",null,null,null,null,null,null,45.9],[null,"PR",444,null,null,null,null,null,"Puerto_Rico",2002,null,null,null,null,null,null,"Aguada_Municipio",null,"",null,null,null,null,null,null,null,null,"",null,null,null,null,null,null,null],[null,"PR",429,null,0,null,null,null,"Puerto_Rico",2007,0,null,null,null,null,null,"Adjuntas_Municipio",null,"",null,null,null,0,0,null,0,null,"",0,null,0,null,0,null,null],[null,"IL",229,null,0,null,null,null,"Illinois",2007,1,null,null,null,null,null,"Adams",null,"",null,null,null,0,0,null,0,null,"",2,null,0,null,0,null,67.9],[null,"VA",46,null,null,null,null,null,"Virginia",2004,null,null,null,null,null,null,"Accomack",null,"",null,null,null,null,null,null,null,null,"",null,null,null,null,null,null,67.9],[null,"IA",81,null,null,null,null,null,"Iowa",1999,null,null,null,null,null,null,"Adair",null,"",null,null,null,null,null,null,null,null,"",null,null,null,null,null,null,2.0],[null,"WA",361,null,null,null,null,null,"Washington",1999,null,null,null,null,null,null,"Adams",null,"",null,null,null,null,null,null,null,null,"",null,null,null,null,null,null,2.0],[null,"PA",351,null,0,null,null,null,"Pennsylvania",2009,0,null,null,null,null,null,"Adams",null,"",null,null,null,0,0,null,0,null,"",1,null,0,null,0,null,89.9],[null,"OH",335,null,0,null,null,null,"Ohio",2013,1,null,null,null,28140,null,"Adams",null,"",null,null,null,0,0,null,0,null,"",1,null,0,null,0,null,2425.9],[null,"SC",14,null,0,null,null,null,"South_Carolina",2012,1,null,null,null,25054,null,"Abbeville",null,"",null,null,null,0,0,null,0,null,"",1,null,0,null,0,null,89.9],[null,"WA",373,null,0,null,null,null,"Washington",2011,1,null,null,null,18875,null,"Adams",null,"",null,null,null,0,0,null,0,null,"",1,null,0,null,0,null,45.9],[null,"MO",133,null,0,null,null,null,"Missouri",2011,3,null,null,null,25610,null,"Adair",null,"",null,null,null,0,0,null,0,null,"",3,null,0,null,0,null,1011.9],[null,"WI",390,null,0,null,null,null,"Wisconsin",2008,1,null,null,null,null,null,"Adams",null,"",null,null,null,0,0,null,0,null,"",1,null,0,null,0,null,1011.9],[null,"PR",453,null,0,null,null,null,"Puerto_Rico",2011,0,null,null,null,null,null,"Aguada_Municipio",null,"",null,null,null,0,0,null,0,null,"",0,null,0,null,0,null,null],[null,"LA",38,10,0,null,12,4,"Louisiana",2016,1,null,15.6,88.32,62645,null,"Acadia_Parish",null,"",4.59,null,4,0,1,null,0,null,"",1,2.91,0,23.6,1,null,2223.9],[null,"PR",497,null,0,null,null,0,"Puerto_Rico",2015,0,null,5.3,null,null,null,"Aguas_Buenas_Municipio",null,"",null,0.35,0,0,0,null,0,null,"",0,null,0,null,0,null,null],[null,"ND",281,null,null,null,null,null,"North_Dakota",1999,null,null,null,null,null,null,"Adams",null,"",null,null,null,null,null,null,null,null,"",null,null,null,null,null,null,2.0],[null,"ID",61,null,null,null,null,null,"Idaho",1999,null,null,null,null,null,null,"Ada",null,"",null,null,null,null,null,null,null,null,"",null,null,null,null,null,null,67.9],[null,"SC",13,null,0,null,null,null,"South_Carolina",2011,1,null,null,null,25104,null,"Abbeville",null,"",null,null,null,0,0,null,0,null,"",1,null,0,null,0,null,67.9],[null,"IA",185,null,null,null,null,null,"Iowa",2003,null,null,null,null,null,null,"Adams",null,"",null,null,null,null,null,null,null,null,"",null,null,null,null,null,null,23.9],[null,"MO",124,null,null,null,null,null,"Missouri",2002,null,null,null,null,null,null,"Adair",null,"",null,null,null,null,null,null,null,null,"",null,null,null,null,null,null,45.9],[null,"PR",462,null,null,null,null,null,"Puerto_Rico",2000,null,null,null,null,null,null,"Aguadilla_Municipio",null,"",null,null,null,null,null,null,null,null,"",null,null,null,null,null,null,null],[null,"PR",471,null,0,null,null,null,"Puerto_Rico",2009,0,null,null,null,null,null,"Aguadilla_Municipio",null,"",null,null,null,0,1,null,0,null,"",2,null,0,null,0,null,null],[null,"LA",37,null,0,219.1,6,3,"Louisiana",2015,1,null,16.1,null,62601,423.4,"Acadia_Parish",null,"",null,1.28,3,0,1,null,0,111,"",1,null,0,11.8,1,null,2021.9],[null,"ID",67,null,0,null,null,null,"Idaho",2005,7,null,null,null,null,null,"Ada",null,"",null,null,null,0,0,null,0,null,"",13,null,0,null,0,null,89.9],[null,"NE",303,null,null,null,null,null,"Nebraska",2001,null,null,null,null,null,null,"Adams",null,"",null,null,null,null,null,null,null,null,"",null,null,null,null,null,null,2.0],[null,"WI",385,null,null,null,null,null,"Wisconsin",2003,null,null,null,null,null,null,"Adams",null,"",null,null,null,null,null,null,null,null,"",null,null,null,null,null,null,89.9],[null,"OH",322,null,null,null,null,null,"Ohio",2000,null,null,null,null,null,null,"Adams",null,"",null,null,null,null,null,null,null,null,"",null,null,null,null,null,null,1011.9],[null,"ID",216,null,0,null,null,null,"Idaho",2014,0,null,null,null,3850,null,"Adams",null,"",null,null,null,0,0,null,0,null,"",0,null,0,null,0,null,1213.9],[null,"MO",137,null,0,154.0,null,2,"Missouri",2015,2,null,10.3,null,25430,1480.1,"Adair",null,"",null,3.79,2,1,1,null,1,34,"",2,null,0,null,1,null,1415.9],[null,"ND",290,null,0,null,null,null,"North_Dakota",2008,0,null,null,null,null,null,"Adams",null,"",null,null,null,0,0,null,0,null,"",0,null,0,null,0,null,2.0],[null,"MS",262,null,null,null,null,null,"Mississippi",2000,null,null,null,null,null,null,"Adams",null,"",null,null,null,null,null,null,null,null,"",null,null,null,null,null,null,23.9],[null,"IN",253,null,0,null,null,null,"Indiana",2011,4,null,null,null,34384,null,"Adams",null,"",null,null,null,0,0,null,0,null,"",4,null,0,null,0,null,89.9],[null,"PR",470,null,0,null,null,null,"Puerto_Rico",2008,0,null,null,null,null,null,"Aguadilla_Municipio",null,"",null,null,null,0,1,null,0,null,"",3,null,0,null,0,null,null],[null,"SC",1,null,null,null,null,null,"South_Carolina",1999,null,null,null,null,null,null,"Abbeville",null,"",null,null,null,null,null,null,null,null,"",null,null,null,null,null,null,23.9],[null,"MO",129,null,0,null,null,null,"Missouri",2007,2,null,null,null,null,null,"Adair",null,"",null,null,null,0,0,null,0,null,"",2,null,0,null,0,null,89.9],[null,"ND",294,null,0,null,null,null,"North_Dakota",2012,0,null,null,null,2319,null,"Adams",null,"",null,null,null,0,0,null,0,null,"",0,null,0,null,0,null,2.0],[null,"OH",332,null,0,null,null,null,"Ohio",2010,1,null,null,null,28562,1265.0,"Adams",null,"",null,null,null,0,0,null,0,null,"",1,null,0,null,0,null,2021.9],[null,"IN",250,null,0,null,null,null,"Indiana",2008,3,null,null,null,null,null,"Adams",null,"",null,null,null,0,0,null,0,null,"",3,null,0,null,0,null,67.9],[null,"MS",277,null,0,384.4,5,2,"Mississippi",2015,0,null,19.0,null,31292,974.7,"Adams",null,"",null,1.97,4,0,0,null,0,102,"",0,null,0,18.8,0,null,1011.9],[null,"PR",424,null,null,null,null,null,"Puerto_Rico",2002,null,null,null,null,null,null,"Adjuntas_Municipio",null,"",null,null,null,null,null,null,null,null,"",null,null,null,null,null,null,null],[null,"VA",41,null,null,null,null,null,"Virginia",1999,null,null,null,null,null,null,"Accomack",null,"",null,null,null,null,null,null,null,null,"",null,null,null,null,null,null,45.9],[null,"PR",483,null,null,null,null,null,"Puerto_Rico",2001,null,null,null,null,null,null,"Aguas_Buenas_Municipio",null,"",null,null,null,null,null,null,null,null,"",null,null,null,null,null,null,null],[null,"OH",329,null,0,null,null,null,"Ohio",2007,1,null,null,null,null,null,"Adams",null,"",null,null,null,0,0,null,0,null,"",1,null,0,null,0,null,1617.9],[null,"LA",33,16,0,null,7,null,"Louisiana",2011,1,null,null,null,61775,null,"Acadia_Parish",null,"",null,null,null,0,0,null,0,null,"",1,null,0,14.1,0,null,1617.9],[null,"IA",90,null,0,null,null,null,"Iowa",2008,1,null,null,null,null,null,"Adair",null,"",null,null,null,0,0,null,0,null,"",1,null,0,null,0,null,45.9],[null,"PA",355,null,0,null,null,null,"Pennsylvania",2013,2,null,null,null,101407,null,"Adams",null,"",null,null,null,0,0,null,0,null,"",2,null,0,null,0,null,1011.9],[null,"KY",103,null,null,null,null,null,"Kentucky",2001,null,null,null,null,null,null,"Adair",null,"",null,null,null,null,null,null,null,null,"",null,null,null,null,null,null,45.9],[null,"MO",128,null,0,null,null,null,"Missouri",2006,2,null,null,null,null,null,"Adair",null,"",null,null,null,0,0,null,0,null,"",3,null,0,null,0,null,67.9],[null,"KY",107,null,0,null,null,null,"Kentucky",2005,1,null,null,null,null,null,"Adair",null,"",null,null,null,0,0,null,0,null,"",2,null,0,null,0,null,89.9],[null,"ID",202,null,null,null,null,null,"Idaho",2000,null,null,null,null,null,null,"Adams",null,"",null,null,null,null,null,null,null,null,"",null,null,null,null,null,null,2.0],[null,"OK",149,null,0,null,null,null,"Oklahoma",2007,1,null,null,null,null,null,"Adair",null,"",null,null,null,0,0,null,0,null,"",1,null,0,null,0,null,89.9],[null,"KY",118,null,0,null,null,2,"Kentucky",2016,2,93,12.1,93.25,19280,null,"Adair",null,"",4.11,null,2,1,1,null,0,null,"",3,2.37,0,null,0,null,1819.9],[null,"PR",433,null,0,null,null,null,"Puerto_Rico",2011,0,null,null,null,null,null,"Adjuntas_Municipio",null,"",null,null,null,0,0,null,0,null,"",0,null,0,null,0,null,null],[null,"NE",307,null,0,null,null,null,"Nebraska",2005,2,null,null,null,null,null,"Adams",null,"",null,null,null,0,0,null,0,null,"",3,null,0,null,0,null,23.9],[null,"VA",50,null,0,null,null,null,"Virginia",2008,0,null,null,null,null,null,"Accomack",null,"",null,null,null,0,0,null,0,null,"",0,null,0,null,0,null,89.9],[null,"IA",85,null,null,null,null,null,"Iowa",2003,null,null,null,null,null,null,"Adair",null,"",null,null,null,null,null,null,null,null,"",null,null,null,null,null,null,2.0],[null,"ID",215,null,0,null,null,null,"Idaho",2013,0,null,null,null,3827,null,"Adams",null,"",null,null,null,0,0,null,0,null,"",0,null,0,null,0,null,1011.9],[null,"WA",365,null,null,null,null,null,"Washington",2003,null,null,null,null,null,null,"Adams",null,"",null,null,null,null,null,null,null,null,"",null,null,null,null,null,null,23.9],[null,"VT",416,null,0,101.7,null,null,"Vermont",2014,1,null,null,null,36979,null,"Addison",null,"",null,null,null,0,1,null,0,33,"",1,null,0,null,1,null,1213.9],[null,"ID",211,null,0,null,null,null,"Idaho",2009,0,null,null,null,null,null,"Adams",null,"",null,null,null,0,0,null,0,null,"",0,null,0,null,0,null,67.9],[null,"CO",162,null,null,null,null,null,"Colorado",2000,null,null,null,null,null,null,"Adams",null,"",null,null,null,null,null,null,null,null,"",null,null,null,null,null,null,67.9],[null,"OK",144,null,null,null,null,null,"Oklahoma",2002,null,null,null,null,null,null,"Adair",null,"",null,null,null,null,null,null,null,null,"",null,null,null,null,null,null,67.9],[null,"MS",276,null,0,405.7,null,null,"Mississippi",2014,0,null,null,null,31913,null,"Adams",null,"",null,null,null,0,0,null,0,110,"",0,null,0,null,0,null,1011.9],[null,"SC",18,null,0,null,null,1,"South_Carolina",2016,1,null,12.0,84.01,24872,null,"Abbeville",null,"",4.31,null,1,0,0,null,0,null,"",1,2.69,0,null,0,null,1011.9],[null,"PR",447,null,0,null,null,null,"Puerto_Rico",2005,0,null,null,null,null,null,"Aguada_Municipio",null,"",null,null,null,0,0,null,0,null,"",1,null,0,null,0,null,null],[null,"PR",432,null,0,null,null,null,"Puerto_Rico",2010,0,null,null,null,null,null,"Adjuntas_Municipio",null,"",null,null,null,0,0,null,0,null,"",1,null,0,null,0,null,null],[null,"LA",30,null,0,null,5,null,"Louisiana",2008,1,null,null,null,null,null,"Acadia_Parish",null,"",null,null,null,0,0,null,0,null,"",1,null,0,10.4,0,null,1213.9],[null,"ID",65,null,null,null,null,null,"Idaho",2003,null,null,null,null,null,null,"Ada",null,"",null,null,null,null,null,null,null,null,"",null,null,null,null,null,null,89.9],[null,"IA",189,null,0,null,null,null,"Iowa",2007,0,null,null,null,null,null,"Adams",null,"",null,null,null,0,0,null,0,null,"",0,null,0,null,0,null,45.9],[null,"ND",285,null,null,null,null,null,"North_Dakota",2003,null,null,null,null,null,null,"Adams",null,"",null,null,null,null,null,null,null,null,"",null,null,null,null,null,null,2.0],[null,"PA",342,null,null,null,null,null,"Pennsylvania",2000,null,null,null,null,null,null,"Adams",null,"",null,null,null,null,null,null,null,null,"",null,null,null,null,null,null,45.9],[null,"PR",491,null,0,null,null,null,"Puerto_Rico",2009,0,null,null,null,null,null,"Aguas_Buenas_Municipio",null,"",null,null,null,0,0,null,0,null,"",1,null,0,null,0,null,null],[null,"VA",52,null,0,null,null,null,"Virginia",2010,0,null,null,null,33164,631.6,"Accomack",null,"",null,null,null,0,0,null,0,null,"",0,null,0,null,0,null,1011.9],[null,"PR",466,null,null,null,null,null,"Puerto_Rico",2004,null,null,null,null,null,null,"Aguadilla_Municipio",null,"",null,null,null,null,null,null,null,null,"",null,null,null,null,null,null,null],[null,"PR",475,null,0,null,null,null,"Puerto_Rico",2013,0,null,null,null,null,null,"Aguadilla_Municipio",null,"",null,null,null,0,1,null,0,null,"",2,null,0,null,0,null,null],[null,"VT",412,null,0,null,null,null,"Vermont",2010,1,null,null,null,36819,231.3,"Addison",null,"",null,null,null,0,0,null,0,null,"",1,null,0,null,0,null,89.9],[null,"SC",10,null,0,null,null,null,"South_Carolina",2008,1,null,null,null,null,null,"Abbeville",null,"",null,null,null,0,0,null,0,null,"",1,null,0,null,0,null,67.9],[null,"CO",167,null,0,null,null,null,"Colorado",2005,5,null,null,null,null,null,"Adams",null,"",null,null,null,0,1,null,0,null,"",24,null,0,null,0,null,89.9],[null,"ID",73,51,0,null,22,null,"Idaho",2011,5,null,null,null,401118,null,"Ada",null,"",null,null,null,2,5,null,0,null,"",16,null,0,6.8,1,12.7,1213.9],[null,"ID",214,null,0,null,null,null,"Idaho",2012,0,null,null,null,3909,null,"Adams",null,"",null,null,null,0,0,null,0,null,"",0,null,0,null,0,null,89.9],[null,"LA",24,null,null,null,null,null,"Louisiana",2002,null,null,null,null,null,null,"Acadia_Parish",null,"",null,null,null,null,null,null,null,null,"",null,null,null,null,null,null,89.9],[null,"VT",408,null,0,null,null,null,"Vermont",2006,1,null,null,null,null,null,"Addison",null,"",null,null,null,0,0,null,0,null,"",1,null,0,null,0,null,67.9],[null,"MS",266,null,null,null,null,null,"Mississippi",2004,null,null,null,null,null,null,"Adams",null,"",null,null,null,null,null,null,null,null,"",null,null,null,null,null,null,45.9],[null,"PA",354,null,0,null,null,null,"Pennsylvania",2012,1,null,null,null,101535,null,"Adams",null,"",null,null,null,0,0,null,0,null,"",2,null,0,null,0,null,1011.9],[null,"IL",233,null,0,null,null,null,"Illinois",2011,1,null,null,null,67207,null,"Adams",null,"",null,null,null,0,0,null,0,null,"",3,null,0,null,0,null,89.9],[null,"IN",244,null,null,null,null,null,"Indiana",2002,null,null,null,null,null,null,"Adams",null,"",null,null,null,null,null,null,null,null,"",null,null,null,null,null,null,45.9],[null,"SC",5,null,null,null,null,null,"South_Carolina",2003,null,null,null,null,null,null,"Abbeville",null,"",null,null,null,null,null,null,null,null,"",null,null,null,null,null,null,23.9],[null,"MS",275,null,0,null,5,null,"Mississippi",2013,0,null,null,null,32104,null,"Adams",null,"",null,null,null,0,0,null,0,null,"",0,null,0,18.4,0,null,1011.9],[null,"OH",337,13,0,90.4,null,1,"Ohio",2015,2,null,14.7,null,28016,559.6,"Adams",null,"",null,1.5,1,0,1,null,0,21,"",2,null,0,null,1,null,2627.9],[null,"IA",95,null,0,null,null,null,"Iowa",2013,0,null,null,null,7440,null,"Adair",null,"",null,null,null,0,0,null,0,null,"",0,null,0,null,0,null,89.9],[null,"WI",394,null,0,null,null,null,"Wisconsin",2012,1,null,null,null,20540,null,"Adams",null,"",null,null,null,0,0,null,0,null,"",1,null,0,null,0,null,1415.9],[null,"VT",403,null,null,null,null,null,"Vermont",2001,null,null,null,null,null,null,"Addison",null,"",null,null,null,null,null,null,null,null,"",null,null,null,null,null,null,45.9],[null,"IL",224,null,null,null,null,null,"Illinois",2002,null,null,null,null,null,null,"Adams",null,"",null,null,null,null,null,null,null,null,"",null,null,null,null,null,null,45.9],[null,"PR",443,null,null,null,null,null,"Puerto_Rico",2001,null,null,null,null,null,null,"Aguada_Municipio",null,"",null,null,null,null,null,null,null,null,"",null,null,null,null,null,null,null],[null,"PR",428,null,0,null,null,null,"Puerto_Rico",2006,0,null,null,null,null,null,"Adjuntas_Municipio",null,"",null,null,null,0,0,null,0,null,"",0,null,0,null,0,null,null],[null,"IL",228,null,0,null,null,null,"Illinois",2006,1,null,null,null,null,null,"Adams",null,"",null,null,null,0,0,null,0,null,"",2,null,0,null,0,null,67.9],[null,"VA",45,null,null,null,null,null,"Virginia",2003,null,null,null,null,null,null,"Accomack",null,"",null,null,null,null,null,null,null,null,"",null,null,null,null,null,null,67.9],[null,"ID",75,57,0,null,14,null,"Idaho",2013,11,null,null,null,416177,null,"Ada",null,"",null,null,null,2,3,null,1,null,"",17,null,0,4.1,2,13.7,1415.9],[null,"VT",413,null,0,null,null,null,"Vermont",2011,1,null,null,null,36875,null,"Addison",null,"",null,null,null,0,0,null,0,null,"",1,null,0,null,0,null,1011.9],[null,"IA",92,null,0,null,null,null,"Iowa",2010,0,null,null,null,7665,361.1,"Adair",null,"",null,null,null,0,0,null,0,null,"",0,null,0,null,0,null,45.9],[null,"ID",206,null,null,null,null,null,"Idaho",2004,null,null,null,null,null,null,"Adams",null,"",null,null,null,null,null,null,null,null,"",null,null,null,null,null,null,23.9],[null,"CO",169,null,0,null,null,null,"Colorado",2007,7,null,null,null,null,null,"Adams",null,"",null,null,null,0,1,null,0,null,"",24,null,0,null,0,null,1011.9],[null,"WI",389,null,0,null,null,null,"Wisconsin",2007,1,null,null,null,null,null,"Adams",null,"",null,null,null,0,0,null,0,null,"",1,null,0,null,0,null,1011.9],[null,"PR",452,null,0,null,null,null,"Puerto_Rico",2010,0,null,null,null,null,null,"Aguada_Municipio",null,"",null,null,null,0,0,null,0,null,"",0,null,0,null,0,null,null],[null,"PR",437,null,0,null,null,0,"Puerto_Rico",2015,0,null,7.8,null,null,null,"Adjuntas_Municipio",null,"",null,0.7,0,0,0,null,0,null,"",0,null,0,null,0,null,null],[null,"WI",397,null,0,121.5,null,1,"Wisconsin",2015,1,null,8.7,null,20161,560.5,"Adams",null,"",null,0.41,1,0,1,null,0,22,"",1,null,0,null,1,null,1819.9],[null,"NE",311,null,0,null,null,null,"Nebraska",2009,2,null,null,null,null,null,"Adams",null,"",null,null,null,0,0,null,0,null,"",3,null,0,null,0,null,23.9],[null,"PR",496,null,0,null,null,null,"Puerto_Rico",2014,0,null,null,null,null,null,"Aguas_Buenas_Municipio",null,"",null,null,null,0,0,null,0,null,"",0,null,0,null,0,null,null],[null,"IA",184,null,null,null,null,null,"Iowa",2002,null,null,null,null,null,null,"Adams",null,"",null,null,null,null,null,null,null,null,"",null,null,null,null,null,null,23.9],[null,"IA",194,null,0,null,null,null,"Iowa",2012,0,null,null,null,3905,null,"Adams",null,"",null,null,null,0,0,null,0,null,"",0,null,0,null,0,null,1011.9],[null,"PA",352,14,0,null,5,null,"Pennsylvania",2010,1,null,null,null,101475,530.4,"Adams",null,"",null,null,null,0,0,null,0,null,"",2,null,0,5.8,0,null,89.9],[null,"OK",152,null,0,null,null,null,"Oklahoma",2010,1,null,null,null,22732,248.9,"Adair",null,"",null,null,null,0,0,null,0,null,"",1,null,0,null,0,null,1213.9],[null,"KY",112,null,0,null,null,null,"Kentucky",2010,1,null,null,null,18742,867.0,"Adair",null,"",null,null,null,0,0,null,0,null,"",1,null,0,null,0,null,1213.9],[null,"MO",123,null,null,null,null,null,"Missouri",2001,null,null,null,null,null,null,"Adair",null,"",null,null,null,null,null,null,null,null,"",null,null,null,null,null,null,45.9],[null,"PR",461,null,null,null,null,null,"Puerto_Rico",1999,null,null,null,null,null,null,"Aguadilla_Municipio",null,"",null,null,null,null,null,null,null,null,"",null,null,null,null,null,null,null],[null,"NE",318,null,0,null,null,5,"Nebraska",2016,3,null,9.4,90.83,31684,null,"Adams",null,"",3.46,null,5,0,0,null,0,null,"",3,2.29,0,null,0,null,89.9],[null,"CO",166,null,null,null,null,null,"Colorado",2004,null,null,null,null,null,null,"Adams",null,"",null,null,null,null,null,null,null,null,"",null,null,null,null,null,null,89.9],[null,"NE",302,null,null,null,null,null,"Nebraska",2000,null,null,null,null,null,null,"Adams",null,"",null,null,null,null,null,null,null,null,"",null,null,null,null,null,null,2.0],[null,"WI",384,null,null,null,null,null,"Wisconsin",2002,null,null,null,null,null,null,"Adams",null,"",null,null,null,null,null,null,null,null,"",null,null,null,null,null,null,67.9],[null,"IA",196,null,0,null,null,null,"Iowa",2014,0,null,null,null,3865,null,"Adams",null,"",null,null,null,0,0,null,0,null,"",0,null,0,null,0,null,1213.9],[null,"OH",321,null,null,null,null,null,"Ohio",1999,null,null,null,null,null,null,"Adams",null,"",null,null,null,null,null,null,null,null,"",null,null,null,null,null,null,89.9],[null,"ND",289,null,0,null,null,null,"North_Dakota",2007,0,null,null,null,null,null,"Adams",null,"",null,null,null,0,0,null,0,null,"",0,null,0,null,0,null,2.0],[null,"MS",261,null,null,null,null,null,"Mississippi",1999,null,null,null,null,null,null,"Adams",null,"",null,null,null,null,null,null,null,null,"",null,null,null,null,null,null,23.9],[null,"IN",256,null,0,22.4,null,null,"Indiana",2014,3,null,null,null,34764,null,"Adams",null,"",null,null,null,0,2,null,0,6,"",3,null,0,null,2,null,1011.9],[null,"PA",346,null,null,null,null,null,"Pennsylvania",2004,null,null,null,null,null,null,"Adams",null,"",null,null,null,null,null,null,null,null,"",null,null,null,null,null,null,67.9],[null,"KY",115,null,0,null,null,null,"Kentucky",2013,1,null,null,null,19095,null,"Adair",null,"",null,null,null,0,1,null,0,null,"",3,null,0,null,0,null,1415.9],[null,"PA",350,null,0,null,null,null,"Pennsylvania",2008,1,null,null,null,null,null,"Adams",null,"",null,null,null,0,0,null,0,null,"",2,null,0,null,0,null,89.9],[null,"VA",54,null,0,null,null,null,"Virginia",2012,0,null,null,null,33324,null,"Accomack",null,"",null,null,null,0,0,null,0,null,"",0,null,0,null,0,null,1011.9],[null,"PR",469,null,0,null,null,null,"Puerto_Rico",2007,0,null,null,null,null,null,"Aguadilla_Municipio",null,"",null,null,null,0,1,null,0,null,"",3,null,0,null,0,null,null],[null,"CO",177,86,0,230.5,35,12,"Colorado",2015,14,null,17.2,null,490674,528.1,"Adams",null,"",null,1.87,12,6,16,null,4,902,"",30,null,0,8.9,10,17.5,1617.9],[null,"LA",35,null,0,null,7,null,"Louisiana",2013,1,null,null,null,62169,null,"Acadia_Parish",null,"",null,null,null,0,0,null,0,null,"",1,null,0,14.0,0,null,1819.9],[null,"PR",423,null,null,null,null,null,"Puerto_Rico",2001,null,null,null,null,null,null,"Adjuntas_Municipio",null,"",null,null,null,null,null,null,null,null,"",null,null,null,null,null,null,null],[null,"IL",231,null,0,null,null,null,"Illinois",2009,0,null,null,null,null,null,"Adams",null,"",null,null,null,0,0,null,0,null,"",2,null,0,null,0,null,89.9],[null,"PR",482,null,null,null,null,null,"Puerto_Rico",2000,null,null,null,null,null,null,"Aguas_Buenas_Municipio",null,"",null,null,null,null,null,null,null,null,"",null,null,null,null,null,null,null],[null,"OH",328,null,0,null,null,null,"Ohio",2006,1,null,null,null,null,null,"Adams",null,"",null,null,null,0,0,null,0,null,"",1,null,0,null,0,null,1415.9],[null,"NE",313,null,0,null,null,null,"Nebraska",2011,3,null,null,null,31234,null,"Adams",null,"",null,null,null,0,0,null,0,null,"",3,null,0,null,0,null,45.9],[null,"IA",89,null,0,null,null,null,"Iowa",2007,1,null,null,null,null,null,"Adair",null,"",null,null,null,0,0,null,0,null,"",1,null,0,null,0,null,23.9],[null,"VT",415,null,0,null,null,null,"Vermont",2013,1,null,null,null,36903,null,"Addison",null,"",null,null,null,0,0,null,0,null,"",1,null,0,null,0,null,1011.9],[null,"WA",369,null,0,null,null,null,"Washington",2007,1,null,null,null,null,null,"Adams",null,"",null,null,null,0,0,null,0,null,"",1,null,0,null,0,null,23.9],[null,"CO",175,82,0,null,31,null,"Colorado",2013,14,null,null,null,470107,null,"Adams",null,"",null,null,null,1,9,null,0,null,"",33,null,0,8.3,5,17.5,1415.9],[null,"KY",102,null,null,null,null,null,"Kentucky",2000,null,null,null,null,null,null,"Adair",null,"",null,null,null,null,null,null,null,null,"",null,null,null,null,null,null,45.9],[null,"OH",336,10,0,85.9,null,null,"Ohio",2014,1,null,null,null,28135,null,"Adams",null,"",null,null,null,0,0,null,0,20,"",1,null,0,null,0,null,2425.9],[null,"MO",127,null,0,null,null,null,"Missouri",2005,2,null,null,null,null,null,"Adair",null,"",null,null,null,0,0,null,0,null,"",3,null,0,null,0,null,67.9],[null,"ID",201,null,null,null,null,null,"Idaho",1999,null,null,null,null,null,null,"Adams",null,"",null,null,null,null,null,null,null,null,"",null,null,null,null,null,null,2.0],[null,"WI",391,null,0,null,null,null,"Wisconsin",2009,1,null,null,null,null,null,"Adams",null,"",null,null,null,0,0,null,0,null,"",1,null,0,null,0,null,1213.9],[null,"OK",148,null,0,null,null,null,"Oklahoma",2006,1,null,null,null,null,null,"Adair",null,"",null,null,null,0,0,null,0,null,"",1,null,0,null,0,null,89.9],[null,"WI",396,null,0,121.4,null,null,"Wisconsin",2014,1,null,null,null,20205,null,"Adams",null,"",null,null,null,0,1,null,0,22,"",1,null,0,null,1,null,1617.9],[null,"MS",278,null,0,null,null,2,"Mississippi",2016,0,null,16.4,96.28,31248,null,"Adams",null,"",4.54,null,4,0,0,null,0,null,"",0,2.69,0,null,0,null,1213.9],[0,"PR",500,null,null,null,null,null,"Puerto_Rico",2018,null,null,null,null,null,null,"Aguas_Buenas_Municipio",0,"",null,null,null,null,null,null,null,null,"",null,null,null,null,null,null,null],[0,"WA",379,null,0,null,null,1,"Washington",2017,1,null,null,null,null,null,"Adams",null,"",null,null,1,0,0,0,0,null,"",1,null,0,null,0,null,null],[0,"PR",459,null,0,null,null,0,"Puerto_Rico",2017,0,null,null,null,null,null,"Aguada_Municipio",null,"",null,null,0,0,0,1,0,null,"",0,null,0,null,0,null,null],[0,"IA",99,null,0,null,null,0,"Iowa",2017,1,null,null,null,null,null,"Adair",null,"",null,null,0,0,1,0,0,null,"",1,null,0,null,1,null,null],[0,"SC",19,null,0,null,null,1,"South_Carolina",2017,1,null,null,null,null,null,"Abbeville",null,"",null,null,1,0,0,0,0,null,"",1,null,0,null,0,null,null],[0,"NE",319,null,0,null,null,4,"Nebraska",2017,4,null,null,null,null,null,"Adams",null,"",null,null,4,0,1,2,0,null,"",4,null,0,null,1,null,null],[0,"PR",460,null,null,null,null,null,"Puerto_Rico",2018,null,null,null,null,null,null,"Aguada_Municipio",0,"",null,null,null,null,null,null,null,null,"",null,null,null,null,null,null,null],[0,"MO",140,null,null,null,null,null,"Missouri",2018,null,null,null,null,null,null,"Adair",0,"",null,null,null,null,null,null,null,null,"",null,null,null,null,null,null,null],[0,"VT",420,null,null,null,null,null,"Vermont",2018,null,null,null,null,null,null,"Addison",2,"",null,null,null,null,null,null,null,null,"",null,null,null,null,null,null,null],[0,"PR",440,null,null,null,null,null,"Puerto_Rico",2018,null,null,null,null,null,null,"Adjuntas_Municipio",0,"",null,null,null,null,null,null,null,null,"",null,null,null,null,null,null,null],[0,"PR",499,null,0,null,null,0,"Puerto_Rico",2017,0,null,null,null,null,null,"Aguas_Buenas_Municipio",null,"",null,null,0,0,0,0,0,null,"",0,null,0,null,0,null,null],[0,"PR",479,null,0,null,null,1,"Puerto_Rico",2017,0,null,null,null,null,null,"Aguadilla_Municipio",null,"",null,null,1,0,1,3,0,null,"",2,null,0,null,0,null,null],[0,"VT",419,null,0,null,null,2,"Vermont",2017,1,null,null,null,null,null,"Addison",null,"",null,null,2,0,1,3,0,null,"",1,null,0,null,1,null,null],[0,"OK",160,null,null,null,null,null,"Oklahoma",2018,null,null,null,null,null,null,"Adair",0,"",null,null,null,null,null,null,null,null,"",null,null,null,null,null,null,null],[0,"ID",219,null,0,null,null,1,"Idaho",2017,0,null,null,null,null,null,"Adams",null,"",null,null,1,0,0,0,0,null,"",0,null,0,null,0,null,null],[0,"IL",239,null,0,null,null,5,"Illinois",2017,2,null,null,null,null,null,"Adams",null,"",null,null,5,0,0,2,0,null,"",2,null,0,null,0,null,null],[0,"MS",279,null,0,null,null,2,"Mississippi",2017,0,null,null,null,null,null,"Adams",null,"",null,null,3,0,0,5,0,null,"",0,null,0,null,0,null,null],[0,"LA",40,null,null,null,null,null,"Louisiana",2018,null,null,null,null,null,null,"Acadia_Parish",2,"",null,null,null,null,null,null,null,null,"",null,null,null,null,null,null,null],[0,"IN",260,null,null,null,null,null,"Indiana",2018,null,null,null,null,null,null,"Adams",2,"",null,null,null,null,null,null,null,null,"",null,null,null,null,null,null,null],[0,"IL",240,null,null,null,null,null,"Illinois",2018,null,null,null,null,null,null,"Adams",2,"",null,null,null,null,null,null,null,null,"",null,null,null,null,null,null,null],[0,"IA",200,null,null,null,null,null,"Iowa",2018,null,null,null,null,null,null,"Adams",2,"",null,null,null,null,null,null,null,null,"",null,null,null,null,null,null,null],[0,"WI",400,null,null,null,null,null,"Wisconsin",2018,null,null,null,null,null,null,"Adams",2,"",null,null,null,null,null,null,null,null,"",null,null,null,null,null,null,null],[0,"ID",80,null,null,null,null,null,"Idaho",2018,null,null,null,null,null,null,"Ada",0,"",null,null,null,null,null,null,null,null,"",null,null,null,null,null,null,null],[0,"PR",439,null,0,null,null,0,"Puerto_Rico",2017,0,null,null,null,null,null,"Adjuntas_Municipio",null,"",null,null,0,0,0,3,0,null,"",0,null,0,null,0,null,null],[0,"WA",380,null,null,null,null,null,"Washington",2018,null,null,null,null,null,null,"Adams",2,"",null,null,null,null,null,null,null,null,"",null,null,null,null,null,null,null],[0,"SC",20,null,null,null,null,null,"South_Carolina",2018,null,null,null,null,null,null,"Abbeville",0,"",null,null,null,null,null,null,null,null,"",null,null,null,null,null,null,null],[0,"IA",100,null,null,null,null,null,"Iowa",2018,null,null,null,null,null,null,"Adair",2,"",null,null,null,null,null,null,null,null,"",null,null,null,null,null,null,null],[0,"ND",300,null,null,null,null,null,"North_Dakota",2018,null,null,null,null,null,null,"Adams",2,"",null,null,null,null,null,null,null,null,"",null,null,null,null,null,null,null],[0,"IA",199,null,0,null,null,0,"Iowa",2017,0,null,null,null,null,null,"Adams",null,"",null,null,0,0,0,0,0,null,"",0,null,0,null,0,null,null],[0,"VA",60,null,null,null,null,null,"Virginia",2018,null,null,null,null,null,null,"Accomack",2,"",null,null,null,null,null,null,null,null,"",null,null,null,null,null,null,null],[0,"OH",339,null,0,null,null,2,"Ohio",2017,2,null,null,null,null,null,"Adams",null,"",null,null,2,2,2,1,2,null,"",2,null,0,null,2,null,null],[0,"PA",359,null,0,null,null,3,"Pennsylvania",2017,1,null,null,null,null,null,"Adams",null,"",null,null,3,0,0,7,0,null,"",1,null,0,null,0,null,null],[0,"ID",79,null,3,null,null,27,"Idaho",2017,10,null,null,null,null,null,"Ada",null,"",null,null,29,6,8,37,1,null,"",17,null,1,null,3,null,null],[0,"ND",299,null,0,null,null,0,"North_Dakota",2017,0,null,null,null,null,null,"Adams",null,"",null,null,0,0,0,0,0,null,"",0,null,0,null,0,null,null],[0,"PR",480,null,null,null,null,null,"Puerto_Rico",2018,null,null,null,null,null,null,"Aguadilla_Municipio",0,"",null,null,null,null,null,null,null,null,"",null,null,null,null,null,null,null],[0,"OK",159,null,0,null,null,1,"Oklahoma",2017,0,null,null,null,null,null,"Adair",null,"",null,null,1,0,0,0,0,null,"",0,null,0,null,0,null,null],[0,"OH",340,null,null,null,null,null,"Ohio",2018,null,null,null,null,null,null,"Adams",0,"",null,null,null,null,null,null,null,null,"",null,null,null,null,null,null,null],[0,"MS",280,null,null,null,null,null,"Mississippi",2018,null,null,null,null,null,null,"Adams",0,"",null,null,null,null,null,null,null,null,"",null,null,null,null,null,null,null],[0,"IN",259,null,0,null,null,2,"Indiana",2017,3,null,null,null,null,null,"Adams",null,"",null,null,2,0,2,0,0,null,"",3,null,0,null,2,null,null],[0,"ID",220,null,null,null,null,null,"Idaho",2018,null,null,null,null,null,null,"Adams",0,"",null,null,null,null,null,null,null,null,"",null,null,null,null,null,null,null],[0,"VA",59,null,0,null,null,1,"Virginia",2017,2,null,null,null,null,null,"Accomack",null,"",null,null,1,0,1,2,0,null,"",2,null,0,null,1,null,null],[0,"LA",39,null,0,null,null,4,"Louisiana",2017,1,null,null,null,null,null,"Acadia_Parish",null,"",null,null,4,0,1,0,0,null,"",1,null,0,null,1,null,null],[0,"CO",180,null,null,null,null,null,"Colorado",2018,null,null,null,null,null,null,"Adams",2,"",null,null,null,null,null,null,null,null,"",null,null,null,null,null,null,null],[0,"PA",360,null,null,null,null,null,"Pennsylvania",2018,null,null,null,null,null,null,"Adams",2,"",null,null,null,null,null,null,null,null,"",null,null,null,null,null,null,null],[0,"WI",399,null,0,null,null,1,"Wisconsin",2017,1,null,null,null,null,null,"Adams",null,"",null,null,1,0,0,0,0,null,"",1,null,0,null,0,null,null],[0,"CO",179,null,0,null,null,9,"Colorado",2017,16,null,null,null,null,null,"Adams",null,"",null,null,9,2,14,25,1,null,"",28,null,0,null,11,null,null],[0,"MO",139,null,0,null,null,1,"Missouri",2017,2,null,null,null,null,null,"Adair",null,"",null,null,1,1,1,0,1,null,"",2,null,0,null,1,null,null],[0,"NE",320,null,null,null,null,null,"Nebraska",2018,null,null,null,null,null,null,"Adams",0,"",null,null,null,null,null,null,null,null,"",null,null,null,null,null,null,null],[1,"KY",120,null,null,null,null,null,"Kentucky",2018,null,null,null,null,null,null,"Adair",2,"",null,null,null,null,null,null,null,null,"",null,null,null,null,null,null,null],[1,"KY",119,null,0,null,null,2,"Kentucky",2017,2,null,null,null,null,null,"Adair",null,"",null,null,2,0,0,5,0,null,"",2,null,0,null,0,null,null]],"headers":["num_SSPs","STATEABBREVIATION","COUNTYDATAPIVOTED","drugdeaths","AMAT_fac","HIVprevalence","HIVdiagnoses","Med_MH_fac","STATE_1","YEAR","Med_SA_fac","vulnerable_rank","pctunins","pctunmetneed","Population","mme_percap","COUNTY","CDC_consult","HCVacuterate","nonmedpain","partD30dayrxrate","MH_fac","TMAT_fac","SMAT_fac","bup_phys","Med_TMAT_fac","PLHIV","HCVacute","SA_fac","drugdep","Med_AMAT_fac","HIVincidence","Med_SMAT_fac","drugdeathrate","drugdeathrate_est"],"rawHeaders":["NUM_SSPS","STATEABBREVIATION","COUNTYDATAPIVOTED","DRUGDEATHS","AMAT_FAC","HIVPREVALENCE","HIVDIAGNOSES","MED_MH_FAC","STATE_1","YEAR","MED_SA_FAC","VULNERABLE_RANK","PCTUNINS","PCTUNMETNEED","POPULATION","MME_PERCAP","COUNTY","CDC_CONSULT","HCVACUTERATE","NONMEDPAIN","PARTD30DAYRXRATE","MH_FAC","TMAT_FAC","SMAT_FAC","BUP_PHYS","MED_TMAT_FAC","PLHIV","HCVACUTE","SA_FAC","DRUGDEP","MED_AMAT_FAC","HIVINCIDENCE","MED_SMAT_FAC","DRUGDEATHRATE","DRUGDEATHRATE_EST"]},"format":{"type":"TABLE"},"headerInfo":[{"alias":"num_SSPs","header":"num_SSPs","type":"NUMBER","derived":false},{"alias":"STATEABBREVIATION","header":"STATEABBREVIATION","type":"STRING","derived":false},{"alias":"COUNTYDATAPIVOTED","header":"COUNTYDATAPIVOTED","type":"NUMBER","derived":false},{"alias":"drugdeaths","header":"drugdeaths","type":"NUMBER","derived":false},{"alias":"AMAT_fac","header":"AMAT_fac","type":"NUMBER","derived":false},{"alias":"HIVprevalence","header":"HIVprevalence","type":"NUMBER","derived":false},{"alias":"HIVdiagnoses","header":"HIVdiagnoses","type":"NUMBER","derived":false},{"alias":"Med_MH_fac","header":"Med_MH_fac","type":"NUMBER","derived":false},{"alias":"STATE_1","header":"STATE_1","type":"STRING","derived":false},{"alias":"YEAR","header":"YEAR","type":"NUMBER","derived":false},{"alias":"Med_SA_fac","header":"Med_SA_fac","type":"NUMBER","derived":false},{"alias":"vulnerable_rank","header":"vulnerable_rank","type":"NUMBER","derived":false},{"alias":"pctunins","header":"pctunins","type":"NUMBER","derived":false},{"alias":"pctunmetneed","header":"pctunmetneed","type":"NUMBER","derived":false},{"alias":"Population","header":"Population","type":"NUMBER","derived":false},{"alias":"mme_percap","header":"mme_percap","type":"NUMBER","derived":false},{"alias":"COUNTY","header":"COUNTY","type":"STRING","derived":false},{"alias":"CDC_consult","header":"CDC_consult","type":"NUMBER","derived":false},{"alias":"HCVacuterate","header":"HCVacuterate","type":"STRING","derived":false},{"alias":"nonmedpain","header":"nonmedpain","type":"NUMBER","derived":false},{"alias":"partD30dayrxrate","header":"partD30dayrxrate","type":"NUMBER","derived":false},{"alias":"MH_fac","header":"MH_fac","type":"NUMBER","derived":false},{"alias":"TMAT_fac","header":"TMAT_fac","type":"NUMBER","derived":false},{"alias":"SMAT_fac","header":"SMAT_fac","type":"NUMBER","derived":false},{"alias":"bup_phys","header":"bup_phys","type":"NUMBER","derived":false},{"alias":"Med_TMAT_fac","header":"Med_TMAT_fac","type":"NUMBER","derived":false},{"alias":"PLHIV","header":"PLHIV","type":"NUMBER","derived":false},{"alias":"HCVacute","header":"HCVacute","type":"STRING","derived":false},{"alias":"SA_fac","header":"SA_fac","type":"NUMBER","derived":false},{"alias":"drugdep","header":"drugdep","type":"NUMBER","derived":false},{"alias":"Med_AMAT_fac","header":"Med_AMAT_fac","type":"NUMBER","derived":false},{"alias":"HIVincidence","header":"HIVincidence","type":"NUMBER","derived":false},{"alias":"Med_SMAT_fac","header":"Med_SMAT_fac","type":"NUMBER","derived":false},{"alias":"drugdeathrate","header":"drugdeathrate","type":"NUMBER","derived":false},{"alias":"drugdeathrate_est","header":"drugdeathrate_est","type":"NUMBER","derived":false}],"sortInfo":[],"numCollected":500,"taskOptions":{"0":{"layout":"Grid","alignment":{"label":["num_SSPs","STATEABBREVIATION","COUNTYDATAPIVOTED","drugdeaths","AMAT_fac","HIVprevalence","HIVdiagnoses","Med_MH_fac","STATE_1","YEAR","Med_SA_fac","vulnerable_rank","pctunins","pctunmetneed","Population","mme_percap","COUNTY","CDC_consult","HCVacuterate","nonmedpain","partD30dayrxrate","MH_fac","TMAT_fac","SMAT_fac","bup_phys","Med_TMAT_fac","PLHIV","HCVacute","SA_fac","drugdep","Med_AMAT_fac","HIVincidence","Med_SMAT_fac","drugdeathrate","drugdeathrate_est"]}}},"filterInfo":[],"taskId":"task1"},"operationType":["TASK_DATA"]}]}