{"engineId":"0d67d486-7a80-4a85-8277-0773a3fcf22b","engineName":"County_Opioid","rdbmsId":"82ca995d-fdd3-401f-bdd6-faa381f124f2","varstore":{},"frames":[{"file":"@BaseFolder@/db/@ENGINE@/version/82ca995d-fdd3-401f-bdd6-faa381f124f2/FRAME61337.rda","meta":"@BaseFolder@/db/@ENGINE@/version/82ca995d-fdd3-401f-bdd6-faa381f124f2/METADATA__FRAME61337.owl","state":null,"type":"prerna.ds.r.RDataTable","name":"FRAME61337","keys":["FRAME61337","$CUR_FRAME_KEY"]}],"panels":[{"panelId":"0","panelLabel":"Drug Death Rate per 100K Population by County","view":"visualization","viewOptions":"{\"type\":\"echarts\"}","viewOptionsMap":"{\"federate-view\":{\"app_id\":\"0d67d486-7a80-4a85-8277-0773a3fcf22b\"},\"visualization\":{\"type\":\"echarts\"}}","ornaments":"{}","events":"{\"onSingleClick\":{\"Unfilter\":[{\"disabledVisuals\":[\"Grid\",\"Sunburst\"],\"default\":true,\"query\":\"UnfilterFrame(<SelectedColumn>);\",\"options\":{},\"refresh\":false,\"disabled\":false,\"panel\":\"\"}]},\"onBrush\":{\"Filter\":[{\"default\":true,\"query\":\"if(IsEmpty(<SelectedValues>), UnfilterFrame(<SelectedColumn>), SetFrameFilter(<SelectedColumn>==<SelectedValues>));\",\"options\":{},\"refresh\":false,\"disabled\":false,\"panel\":\"\"}]}}","comments":"{}","position":"{}","filters":[],"order":[],"cbv":{}},{"panelId":"1","panelLabel":"Year Filter","view":"DashboardFilter","viewOptions":null,"viewOptionsMap":"{\"federate-view\":{\"app_id\":\"0d67d486-7a80-4a85-8277-0773a3fcf22b\"},\"visualization\":{\"type\":\"echarts\"}}","ornaments":"{\"dashboardFilter\":{\"instances\":[\"YEAR\"],\"viewType\":\"List\",\"singleSelect\":\"Single Select\"}}","events":"{\"onSingleClick\":{\"Unfilter\":[{\"disabledVisuals\":[\"Grid\",\"Sunburst\"],\"default\":true,\"query\":\"UnfilterFrame(<SelectedColumn>);\",\"options\":{},\"refresh\":false,\"disabled\":false,\"panel\":\"\"}]},\"onBrush\":{\"Filter\":[{\"default\":true,\"query\":\"if(IsEmpty(<SelectedValues>), UnfilterFrame(<SelectedColumn>), SetFrameFilter(<SelectedColumn>==<SelectedValues>));\",\"options\":{},\"refresh\":false,\"disabled\":false,\"panel\":\"\"}]}}","comments":"{}","position":"{}","filters":[],"order":[],"cbv":{}},{"panelId":"2","panelLabel":"State Filter","view":"DashboardFilter","viewOptions":null,"viewOptionsMap":"{\"federate-view\":{\"app_id\":\"0d67d486-7a80-4a85-8277-0773a3fcf22b\"},\"visualization\":{\"type\":\"echarts\"}}","ornaments":"{\"dashboardFilter\":{\"instances\":[\"STATE_1\"],\"viewType\":\"List\",\"singleSelect\":\"Single Select\"}}","events":"{\"onSingleClick\":{\"Unfilter\":[{\"disabledVisuals\":[\"Grid\",\"Sunburst\"],\"default\":true,\"query\":\"UnfilterFrame(<SelectedColumn>);\",\"options\":{},\"refresh\":false,\"disabled\":false,\"panel\":\"\"}]},\"onBrush\":{\"Filter\":[{\"default\":true,\"query\":\"if(IsEmpty(<SelectedValues>), UnfilterFrame(<SelectedColumn>), SetFrameFilter(<SelectedColumn>==<SelectedValues>));\",\"options\":{},\"refresh\":false,\"disabled\":false,\"panel\":\"\"}]}}","comments":"{}","position":"{}","filters":[],"order":[],"cbv":{}}],"tasks":{"tasks":[{"type":"basic","task":{"taskType":"basic","id":"task1","numCollected":500,"internalOffset":0,"taskOptions":"{\"options\":{\"0\":{\"layout\":\"Grid\",\"alignment\":{\"label\":[\"COUNTY\",\"COUNTYDATAPIVOTED\",\"STATEABBREVIATION\",\"STATE_1\",\"YEAR\",\"drugdeathrate\"]}}}}","qs":{"qsType":"FRAME","isDistinct":true,"overrideImplicit":false,"limit":0,"offset":0,"relations":"[]","selectors":["COLUMN",{"table":"FRAME61337","column":"COUNTY","alias":"COUNTY","tableAlias":null},"COLUMN",{"table":"FRAME61337","column":"COUNTYDATAPIVOTED","alias":"COUNTYDATAPIVOTED","tableAlias":null},"COLUMN",{"table":"FRAME61337","column":"STATEABBREVIATION","alias":"STATEABBREVIATION","tableAlias":null},"COLUMN",{"table":"FRAME61337","column":"STATE_1","alias":"STATE_1","tableAlias":null},"COLUMN",{"table":"FRAME61337","column":"YEAR","alias":"YEAR","tableAlias":null},"COLUMN",{"table":"FRAME61337","column":"drugdeathrate","alias":"drugdeathrate","tableAlias":null}]}}},{"type":"basic","task":{"taskType":"basic","id":"task3","numCollected":500,"internalOffset":0,"taskOptions":"{\"options\":{\"0\":{\"layout\":\"Grid\",\"alignment\":{\"label\":[\"COUNTY\",\"COUNTYDATAPIVOTED\",\"STATEABBREVIATION\",\"STATE_1\",\"YEAR\",\"drugdeathrate\",\"national_drugdeathrate\"]}}}}","qs":{"qsType":"FRAME","isDistinct":true,"overrideImplicit":false,"limit":0,"offset":0,"relations":"[]","selectors":["COLUMN",{"table":"FRAME61337","column":"COUNTY","alias":"COUNTY","tableAlias":null},"COLUMN",{"table":"FRAME61337","column":"COUNTYDATAPIVOTED","alias":"COUNTYDATAPIVOTED","tableAlias":null},"COLUMN",{"table":"FRAME61337","column":"STATEABBREVIATION","alias":"STATEABBREVIATION","tableAlias":null},"COLUMN",{"table":"FRAME61337","column":"STATE_1","alias":"STATE_1","tableAlias":null},"COLUMN",{"table":"FRAME61337","column":"YEAR","alias":"YEAR","tableAlias":null},"COLUMN",{"table":"FRAME61337","column":"drugdeathrate","alias":"drugdeathrate","tableAlias":null},"COLUMN",{"table":"FRAME61337","column":"national_drugdeathrate","alias":"national_drugdeathrate","tableAlias":null}]}}},{"type":"basic","task":{"taskType":"basic","id":"task5","numCollected":500,"internalOffset":0,"taskOptions":"{\"options\":{\"0\":{\"layout\":\"Line\",\"alignment\":{\"tooltip\":[],\"label\":[\"COUNTY\"],\"value\":[\"Averageofdrugdeathrate\"],\"facet\":[]}}}}","qs":{"qsType":"FRAME","isDistinct":true,"overrideImplicit":false,"limit":0,"offset":0,"relations":"[]","groups":["{\"column\":\"PRIM_KEY_PLACEHOLDER\",\"table\":\"COUNTY\",\"alias\":\"\"}"],"selectors":["COLUMN",{"table":"COUNTY","column":"PRIM_KEY_PLACEHOLDER","alias":"COUNTY","tableAlias":null},"FUNCTION",{"alias":"Averageofdrugdeathrate","function":"mean","distinct":false,"colCast":"","innerSelectors":["COLUMN",{"table":"drugdeathrate","column":"PRIM_KEY_PLACEHOLDER","alias":"drugdeathrate","tableAlias":null}]}]}}},{"type":"basic","task":{"taskType":"basic","id":"task7","numCollected":500,"internalOffset":0,"taskOptions":"{\"options\":{\"0\":{\"layout\":\"Line\",\"alignment\":{\"tooltip\":[],\"label\":[\"COUNTY\"],\"value\":[\"Averageofdrugdeathrate\",\"Averageofnational_drugdeathrate\"],\"facet\":[]}}}}","qs":{"qsType":"FRAME","isDistinct":true,"overrideImplicit":false,"limit":0,"offset":0,"relations":"[]","groups":["{\"column\":\"PRIM_KEY_PLACEHOLDER\",\"table\":\"COUNTY\",\"alias\":\"\"}"],"selectors":["COLUMN",{"table":"COUNTY","column":"PRIM_KEY_PLACEHOLDER","alias":"COUNTY","tableAlias":null},"FUNCTION",{"alias":"Averageofdrugdeathrate","function":"mean","distinct":false,"colCast":"","innerSelectors":["COLUMN",{"table":"drugdeathrate","column":"PRIM_KEY_PLACEHOLDER","alias":"drugdeathrate","tableAlias":null}]},"FUNCTION",{"alias":"Averageofnational_drugdeathrate","function":"mean","distinct":false,"colCast":"","innerSelectors":["COLUMN",{"table":"national_drugdeathrate","column":"PRIM_KEY_PLACEHOLDER","alias":"national_drugdeathrate","tableAlias":null}]}]}}},{"type":"basic","task":{"taskType":"basic","id":"task9","numCollected":500,"internalOffset":0,"taskOptions":"{\"options\":{\"0\":{\"layout\":\"Column\",\"alignment\":{\"tooltip\":[],\"label\":[\"COUNTY\"],\"value\":[\"Averageofdrugdeathrate\",\"Averageofnational_drugdeathrate\"],\"facet\":[]}}}}","qs":{"qsType":"FRAME","isDistinct":true,"overrideImplicit":false,"limit":0,"offset":0,"relations":"[]","groups":["{\"column\":\"PRIM_KEY_PLACEHOLDER\",\"table\":\"COUNTY\",\"alias\":\"\"}"],"selectors":["COLUMN",{"table":"COUNTY","column":"PRIM_KEY_PLACEHOLDER","alias":"COUNTY","tableAlias":null},"FUNCTION",{"alias":"Averageofdrugdeathrate","function":"mean","distinct":false,"colCast":"","innerSelectors":["COLUMN",{"table":"drugdeathrate","column":"PRIM_KEY_PLACEHOLDER","alias":"drugdeathrate","tableAlias":null}]},"FUNCTION",{"alias":"Averageofnational_drugdeathrate","function":"mean","distinct":false,"colCast":"","innerSelectors":["COLUMN",{"table":"national_drugdeathrate","column":"PRIM_KEY_PLACEHOLDER","alias":"national_drugdeathrate","tableAlias":null}]}]}}}],"taskCounter":10},"recipe":["AddPanel ( 0 ) ;","Panel ( 0 ) | AddPanelEvents ( { \"onSingleClick\" : { \"Unfilter\" : [ { \"panel\" : \"\" , \"query\" : \"UnfilterFrame(%3CSelectedColumn%3E)%3B\" , \"options\" : { } , \"refresh\" : false , \"default\" : true , \"disabledVisuals\" : [ \"Grid\" , \"Sunburst\" ] , \"disabled\" : false } ] } , \"onBrush\" : { \"Filter\" : [ { \"panel\" : \"\" , \"query\" : \"if(IsEmpty(%3CSelectedValues%3E)%2C%20UnfilterFrame(%3CSelectedColumn%3E)%2C%20SetFrameFilter(%3CSelectedColumn%3E%3D%3D%3CSelectedValues%3E))%3B\" , \"options\" : { } , \"refresh\" : false , \"default\" : true , \"disabled\" : false } ] } } ) ;","Panel ( 0 ) | RetrievePanelEvents ( ) ;","Panel ( 0 ) | SetPanelView ( \"visualization\" , \"%7B%22type%22%3A%22echarts%22%7D\" ) ;","Panel ( 0 ) | SetPanelView ( \"federate-view\" , \"%7B%22app_id%22%3A%220d67d486-7a80-4a85-8277-0773a3fcf22b%22%7D\" ) ;","CreateFrame ( frameType = [ R ] , override = [ true ] ) .as ( [ 'FRAME61337' ] ) ;","Database ( database = [ \"0d67d486-7a80-4a85-8277-0773a3fcf22b\" ] ) | Select ( COUNTYDATAPIVOTED , COUNTYDATAPIVOTED__COUNTY , COUNTYDATAPIVOTED__STATEABBREVIATION , COUNTYDATAPIVOTED__STATE_1 , COUNTYDATAPIVOTED__YEAR , COUNTYDATAPIVOTED__drugdeathrate ) .as ( [ COUNTYDATAPIVOTED , COUNTY , STATEABBREVIATION , STATE_1 , YEAR , drugdeathrate ] ) | Import ( frame = [ FRAME61337 ] ) ;","Panel ( 0 ) | SetPanelView ( \"visualization\" ) ;","Frame ( frame = [ FRAME61337 ] ) | QueryAll ( ) | AutoTaskOptions ( panel = [ \"0\" ] , layout = [ \"Grid\" ] ) | Collect ( 500 ) ;","Panel ( 0 ) | SetPanelView ( \"federate-view\" ) ;","Database ( database = [ \"171b235d-e45e-4224-a054-e955af9921c6\" ] ) | Select ( NATIONALDATAPIVOTED__YEAR , NATIONALDATAPIVOTED__drugdeathrate ) .as ( [ YEAR , national_drugdeathrate ] ) | Merge ( joins = [ ( YEAR , inner.join , NATIONALDATAPIVOTED__YEAR ) ] ) ;","Panel ( 0 ) | SetPanelView ( \"visualization\" ) ;","Frame ( ) | QueryAll ( ) | AutoTaskOptions ( panel = [ \"0\" ] , layout = [ \"Grid\" ] ) | Collect ( 500 ) ;","Panel ( 0 ) | SetPanelView ( \"visualization\" , \"%7B%22type%22%3A%22echarts%22%7D\" ) ;","if ( ( HasDuplicates ( COUNTY ) ) , ( Select ( COUNTY , Average ( drugdeathrate ) ) .as ( [ COUNTY , Averageofdrugdeathrate ] ) | Group ( COUNTY ) | With ( Panel ( 0 ) ) | Format ( type = [ 'table' ] ) | TaskOptions ( { \"0\" : { \"layout\" : \"Line\" , \"alignment\" : { \"label\" : [ \"COUNTY\" ] , \"value\" : [ \"Averageofdrugdeathrate\" ] , \"tooltip\" : [ ] , \"facet\" : [ ] } } } ) | Collect ( 500 ) ) , ( Select ( COUNTY , drugdeathrate ) .as ( [ COUNTY , drugdeathrate ] ) | With ( Panel ( 0 ) ) | Format ( type = [ 'table' ] ) | TaskOptions ( { \"0\" : { \"layout\" : \"Line\" , \"alignment\" : { \"label\" : [ \"COUNTY\" ] , \"value\" : [ \"drugdeathrate\" ] , \"tooltip\" : [ ] , \"facet\" : [ ] } } } ) | Collect ( 500 ) ) ) ;","if ( ( HasDuplicates ( COUNTY ) ) , ( Select ( COUNTY , Average ( drugdeathrate ) , Average ( national_drugdeathrate ) ) .as ( [ COUNTY , Averageofdrugdeathrate , Averageofnational_drugdeathrate ] ) | Group ( COUNTY ) | With ( Panel ( 0 ) ) | Format ( type = [ 'table' ] ) | TaskOptions ( { \"0\" : { \"layout\" : \"Line\" , \"alignment\" : { \"label\" : [ \"COUNTY\" ] , \"value\" : [ \"Averageofdrugdeathrate\" , \"Averageofnational_drugdeathrate\" ] , \"tooltip\" : [ ] , \"facet\" : [ ] } } } ) | Collect ( 500 ) ) , ( Select ( COUNTY , drugdeathrate , national_drugdeathrate ) .as ( [ COUNTY , drugdeathrate , national_drugdeathrate ] ) | With ( Panel ( 0 ) ) | Format ( type = [ 'table' ] ) | TaskOptions ( { \"0\" : { \"layout\" : \"Line\" , \"alignment\" : { \"label\" : [ \"COUNTY\" ] , \"value\" : [ \"drugdeathrate\" , \"national_drugdeathrate\" ] , \"tooltip\" : [ ] , \"facet\" : [ ] } } } ) | Collect ( 500 ) ) ) ;","Panel ( 0 ) | Clone ( 1 ) ;","Panel ( 1 ) | Clone ( 2 ) ;","Panel ( 2 ) | SetPanelView ( \"DashboardFilter\" ) ;","Panel ( 2 ) | AddPanelOrnaments ( { \"dashboardFilter\" : { \"singleSelect\" : \"Single Select\" , \"viewType\" : \"List\" , \"instances\" : [ \"STATE_1\" ] } } ) | RetrievePanelOrnaments ( \"dashboardFilter\" ) ;","Panel ( 1 ) | SetPanelView ( \"DashboardFilter\" ) ;","Panel ( 1 ) | AddPanelOrnaments ( { \"dashboardFilter\" : { \"singleSelect\" : \"Single Select\" , \"viewType\" : \"List\" , \"instances\" : [ \"YEAR\" ] } } ) | RetrievePanelOrnaments ( \"dashboardFilter\" ) ;","Panel ( 1 ) | SetPanelLabel ( \"Year Filter\" ) ;","Panel ( 2 ) | SetPanelLabel ( \"State Filter\" ) ;","Panel ( 0 ) | SetPanelLabel ( \"Drug Death Rate per 100K Population by County\" ) ;","Panel ( 0 ) | SetPanelView ( \"visualization\" , \"%7B%22type%22%3A%22echarts%22%7D\" ) ;","if ( ( HasDuplicates ( COUNTY ) ) , ( Select ( COUNTY , Average ( drugdeathrate ) , Average ( national_drugdeathrate ) ) .as ( [ COUNTY , Averageofdrugdeathrate , Averageofnational_drugdeathrate ] ) | Group ( COUNTY ) | With ( Panel ( 0 ) ) | Format ( type = [ 'table' ] ) | TaskOptions ( { \"0\" : { \"layout\" : \"Column\" , \"alignment\" : { \"label\" : [ \"COUNTY\" ] , \"value\" : [ \"Averageofdrugdeathrate\" , \"Averageofnational_drugdeathrate\" ] , \"tooltip\" : [ ] , \"facet\" : [ ] } } } ) | Collect ( 500 ) ) , ( Select ( COUNTY , drugdeathrate , national_drugdeathrate ) .as ( [ COUNTY , drugdeathrate , national_drugdeathrate ] ) | With ( Panel ( 0 ) ) | Format ( type = [ 'table' ] ) | TaskOptions ( { \"0\" : { \"layout\" : \"Column\" , \"alignment\" : { \"label\" : [ \"COUNTY\" ] , \"value\" : [ \"drugdeathrate\" , \"national_drugdeathrate\" ] , \"tooltip\" : [ ] , \"facet\" : [ ] } } } ) | Collect ( 500 ) ) ) ;"]}