{"engineId":"0d67d486-7a80-4a85-8277-0773a3fcf22b","engineName":"County_Opioid","rdbmsId":"4eabc670-1c4b-43a7-9fc6-27a74a93be97","varstore":{},"frames":[{"file":"@BaseFolder@/db/@ENGINE@/version/4eabc670-1c4b-43a7-9fc6-27a74a93be97/FRAME533135.rda","meta":"@BaseFolder@/db/@ENGINE@/version/4eabc670-1c4b-43a7-9fc6-27a74a93be97/METADATA__FRAME533135.owl","state":null,"type":"prerna.ds.r.RDataTable","name":"FRAME533135","keys":["FRAME533135","$CUR_FRAME_KEY"]}],"panels":[{"panelId":"0","panelLabel":"Population by County","view":"visualization","viewOptions":"{\"type\":\"echarts\"}","viewOptionsMap":"{\"federate-view\":{\"app_id\":\"0d67d486-7a80-4a85-8277-0773a3fcf22b\"},\"visualization\":{\"type\":\"echarts\"}}","ornaments":"{\"tools\":{\"shared\":{\"chloroType\":\"Counties\"}}}","events":"{\"onSingleClick\":{\"Unfilter\":[{\"disabledVisuals\":[\"Grid\",\"Sunburst\"],\"default\":true,\"query\":\"UnfilterFrame(<SelectedColumn>);\",\"options\":{},\"refresh\":false,\"disabled\":false,\"panel\":\"\"}]},\"onBrush\":{\"Filter\":[{\"default\":true,\"query\":\"if(IsEmpty(<SelectedValues>), UnfilterFrame(<SelectedColumn>), SetFrameFilter(<SelectedColumn>==<SelectedValues>));\",\"options\":{},\"refresh\":false,\"disabled\":false,\"panel\":\"\"}]}}","comments":"{}","position":"{}","filters":[],"order":[],"cbv":{}},{"panelId":"1","panelLabel":"Year Filter","view":"DashboardFilter","viewOptions":null,"viewOptionsMap":"{\"federate-view\":{\"app_id\":\"0d67d486-7a80-4a85-8277-0773a3fcf22b\"},\"visualization\":{\"type\":\"echarts\"}}","ornaments":"{\"tools\":{\"shared\":{\"chloroType\":\"Counties\"}},\"dashboardFilter\":{\"instances\":[\"YEAR\"],\"viewType\":\"List\",\"singleSelect\":\"Multi Select\"}}","events":"{\"onSingleClick\":{\"Unfilter\":[{\"disabledVisuals\":[\"Grid\",\"Sunburst\"],\"default\":true,\"query\":\"UnfilterFrame(<SelectedColumn>);\",\"options\":{},\"refresh\":false,\"disabled\":false,\"panel\":\"\"}]},\"onBrush\":{\"Filter\":[{\"default\":true,\"query\":\"if(IsEmpty(<SelectedValues>), UnfilterFrame(<SelectedColumn>), SetFrameFilter(<SelectedColumn>==<SelectedValues>));\",\"options\":{},\"refresh\":false,\"disabled\":false,\"panel\":\"\"}]}}","comments":"{}","position":"{}","filters":[],"order":[],"cbv":{}}],"tasks":{"tasks":[{"type":"basic","task":{"taskType":"basic","id":"task1","numCollected":500,"internalOffset":0,"taskOptions":"{\"options\":{\"0\":{\"layout\":\"Grid\",\"alignment\":{\"label\":[\"COUNTY\",\"COUNTYDATAPIVOTED\",\"Population\",\"STATEABBREVIATION\",\"STATE_1\",\"YEAR\",\"drugdeathrate\"]}}}}","qs":{"qsType":"FRAME","isDistinct":true,"overrideImplicit":false,"limit":0,"offset":0,"relations":"[]","selectors":["COLUMN",{"table":"FRAME533135","column":"COUNTY","alias":"COUNTY","tableAlias":null},"COLUMN",{"table":"FRAME533135","column":"COUNTYDATAPIVOTED","alias":"COUNTYDATAPIVOTED","tableAlias":null},"COLUMN",{"table":"FRAME533135","column":"Population","alias":"Population","tableAlias":null},"COLUMN",{"table":"FRAME533135","column":"STATEABBREVIATION","alias":"STATEABBREVIATION","tableAlias":null},"COLUMN",{"table":"FRAME533135","column":"STATE_1","alias":"STATE_1","tableAlias":null},"COLUMN",{"table":"FRAME533135","column":"YEAR","alias":"YEAR","tableAlias":null},"COLUMN",{"table":"FRAME533135","column":"drugdeathrate","alias":"drugdeathrate","tableAlias":null}]}}},{"type":"basic","task":{"taskType":"basic","id":"task3","numCollected":500,"internalOffset":0,"taskOptions":"{\"options\":{\"0\":{\"layout\":\"Choropleth\",\"alignment\":{\"label\":[\"COUNTY\"],\"value\":[\"Averageofdrugdeathrate\"],\"facet\":[]}}}}","qs":{"qsType":"FRAME","isDistinct":true,"overrideImplicit":false,"limit":0,"offset":0,"relations":"[]","groups":["{\"column\":\"PRIM_KEY_PLACEHOLDER\",\"table\":\"COUNTY\",\"alias\":\"\"}"],"selectors":["COLUMN",{"table":"COUNTY","column":"PRIM_KEY_PLACEHOLDER","alias":"COUNTY","tableAlias":null},"FUNCTION",{"alias":"Averageofdrugdeathrate","function":"mean","distinct":false,"colCast":"","innerSelectors":["COLUMN",{"table":"drugdeathrate","column":"PRIM_KEY_PLACEHOLDER","alias":"drugdeathrate","tableAlias":null}]}]}}},{"type":"basic","task":{"taskType":"basic","id":"task5","numCollected":500,"internalOffset":0,"taskOptions":"{\"options\":{\"0\":{\"layout\":\"Choropleth\",\"alignment\":{\"label\":[\"COUNTY\"],\"value\":[\"AverageofPopulation\"],\"facet\":[]}}}}","qs":{"qsType":"FRAME","isDistinct":true,"overrideImplicit":false,"limit":0,"offset":0,"relations":"[]","groups":["{\"column\":\"PRIM_KEY_PLACEHOLDER\",\"table\":\"COUNTY\",\"alias\":\"\"}"],"selectors":["COLUMN",{"table":"COUNTY","column":"PRIM_KEY_PLACEHOLDER","alias":"COUNTY","tableAlias":null},"FUNCTION",{"alias":"AverageofPopulation","function":"mean","distinct":false,"colCast":"","innerSelectors":["COLUMN",{"table":"Population","column":"PRIM_KEY_PLACEHOLDER","alias":"Population","tableAlias":null}]}]}}}],"taskCounter":6},"recipe":["AddPanel ( 0 ) ;","Panel ( 0 ) | AddPanelEvents ( { \"onSingleClick\" : { \"Unfilter\" : [ { \"panel\" : \"\" , \"query\" : \"UnfilterFrame(%3CSelectedColumn%3E)%3B\" , \"options\" : { } , \"refresh\" : false , \"default\" : true , \"disabledVisuals\" : [ \"Grid\" , \"Sunburst\" ] , \"disabled\" : false } ] } , \"onBrush\" : { \"Filter\" : [ { \"panel\" : \"\" , \"query\" : \"if(IsEmpty(%3CSelectedValues%3E)%2C%20UnfilterFrame(%3CSelectedColumn%3E)%2C%20SetFrameFilter(%3CSelectedColumn%3E%3D%3D%3CSelectedValues%3E))%3B\" , \"options\" : { } , \"refresh\" : false , \"default\" : true , \"disabled\" : false } ] } } ) ;","Panel ( 0 ) | RetrievePanelEvents ( ) ;","Panel ( 0 ) | SetPanelView ( \"visualization\" , \"%7B%22type%22%3A%22echarts%22%7D\" ) ;","Panel ( 0 ) | SetPanelView ( \"federate-view\" , \"%7B%22app_id%22%3A%220d67d486-7a80-4a85-8277-0773a3fcf22b%22%7D\" ) ;","CreateFrame ( frameType = [ R ] , override = [ true ] ) .as ( [ 'FRAME533135' ] ) ;","Database ( database = [ \"0d67d486-7a80-4a85-8277-0773a3fcf22b\" ] ) | Select ( COUNTYDATAPIVOTED , COUNTYDATAPIVOTED__COUNTY , COUNTYDATAPIVOTED__Population , COUNTYDATAPIVOTED__STATEABBREVIATION , COUNTYDATAPIVOTED__STATE_1 , COUNTYDATAPIVOTED__YEAR , COUNTYDATAPIVOTED__drugdeathrate ) .as ( [ COUNTYDATAPIVOTED , COUNTY , Population , STATEABBREVIATION , STATE_1 , YEAR , drugdeathrate ] ) | Import ( frame = [ FRAME533135 ] ) ;","Panel ( 0 ) | SetPanelView ( \"visualization\" ) ;","Frame ( frame = [ FRAME533135 ] ) | QueryAll ( ) | AutoTaskOptions ( panel = [ \"0\" ] , layout = [ \"Grid\" ] ) | Collect ( 500 ) ;","Panel ( 0 ) | SetPanelView ( \"visualization\" , \"%7B%22type%22%3A%22echarts%22%7D\" ) ;","if ( ( HasDuplicates ( COUNTY ) ) , ( Select ( COUNTY , Average ( drugdeathrate ) ) .as ( [ COUNTY , Averageofdrugdeathrate ] ) | Group ( COUNTY ) | With ( Panel ( 0 ) ) | Format ( type = [ 'table' ] ) | TaskOptions ( { \"0\" : { \"layout\" : \"Choropleth\" , \"alignment\" : { \"label\" : [ \"COUNTY\" ] , \"value\" : [ \"Averageofdrugdeathrate\" ] , \"facet\" : [ ] } } } ) | Collect ( 500 ) ) , ( Select ( COUNTY , drugdeathrate ) .as ( [ COUNTY , drugdeathrate ] ) | With ( Panel ( 0 ) ) | Format ( type = [ 'table' ] ) | TaskOptions ( { \"0\" : { \"layout\" : \"Choropleth\" , \"alignment\" : { \"label\" : [ \"COUNTY\" ] , \"value\" : [ \"drugdeathrate\" ] , \"facet\" : [ ] } } } ) | Collect ( 500 ) ) ) ;","Panel ( 0 ) | AddPanelOrnaments ( { \"tools\" : { \"shared\" : { \"chloroType\" : Counties } } } ) ;","Panel ( 0 ) | RetrievePanelOrnaments ( \"tools.shared.chloroType\" ) ;","if ( ( HasDuplicates ( COUNTY ) ) , ( Select ( COUNTY , Average ( Population ) ) .as ( [ COUNTY , AverageofPopulation ] ) | Group ( COUNTY ) | With ( Panel ( 0 ) ) | Format ( type = [ 'table' ] ) | TaskOptions ( { \"0\" : { \"layout\" : \"Choropleth\" , \"alignment\" : { \"label\" : [ \"COUNTY\" ] , \"value\" : [ \"AverageofPopulation\" ] , \"facet\" : [ ] } } } ) | Collect ( 500 ) ) , ( Select ( COUNTY , Population ) .as ( [ COUNTY , Population ] ) | With ( Panel ( 0 ) ) | Format ( type = [ 'table' ] ) | TaskOptions ( { \"0\" : { \"layout\" : \"Choropleth\" , \"alignment\" : { \"label\" : [ \"COUNTY\" ] , \"value\" : [ \"Population\" ] , \"facet\" : [ ] } } } ) | Collect ( 500 ) ) ) ;","Panel ( 0 ) | SetPanelLabel ( \"Population by County\" ) ;","Panel ( 0 ) | Clone ( 1 ) ;","Panel ( 1 ) | SetPanelView ( \"DashboardFilter\" ) ;","Panel ( 1 ) | AddPanelOrnaments ( { \"dashboardFilter\" : { \"singleSelect\" : \"Multi Select\" , \"viewType\" : \"List\" , \"instances\" : [ \"YEAR\" ] } } ) | RetrievePanelOrnaments ( \"dashboardFilter\" ) ;","Panel ( 1 ) | SetPanelLabel ( \"Year Filter\" ) ;"]}