{"insightID":"fb58793c-bf29-4aa1-92fe-22894487f288","pixelReturn":[{"pixelExpression":"if ( ( HasDuplicates ( COUNTY ) ) , ( Select ( COUNTY , Average ( vulnerable_rank ) ) .as ( [ COUNTY , Averageofvulnerable_rank ] ) | Group ( COUNTY ) | With ( Panel ( 0 ) ) | Format ( type = [ 'table' ] ) | TaskOptions ( { \"0\" : { \"layout\" : \"Choropleth\" , \"alignment\" : { \"label\" : [ \"COUNTY\" ] , \"value\" : [ \"Averageofvulnerable_rank\" ] , \"facet\" : [ ] } } } ) | Collect ( 500 ) ) , ( Select ( COUNTY , vulnerable_rank ) .as ( [ COUNTY , vulnerable_rank ] ) | With ( Panel ( 0 ) ) | Format ( type = [ 'table' ] ) | TaskOptions ( { \"0\" : { \"layout\" : \"Choropleth\" , \"alignment\" : { \"label\" : [ \"COUNTY\" ] , \"value\" : [ \"vulnerable_rank\" ] , \"facet\" : [ ] } } } ) | Collect ( 500 ) ) ) ;","isMeta":false,"output":{"data":{"values":[["Adair",93.0],["Adams",51.0],["Alcona",184.0],["Allen",175.5],["Athens",173.0],["Bates",177.0],["Bath",125.0],["Beaver",114.0],["Bell",6.0],["Benton",24.0],["Berkeley",205.0],["Bledsoe",139.0],["Boone",22.0],["Boyd",187.0],["Boyle",35.0],["Braxton",150.0],["Breathitt",3.0],["Breckinridge",202.0],["Brooke",76.0],["Brown",127.0],["Bucha",28.0],["Burke",176.0],["Cabell",122.0],["Calhoun",90.0],["Cambria",131.0],["Campbell",129.0],["Cannon",42.0],["Carbon",84.0],["Carroll",67.0],["Carter",106.5],["Casey",153.0],["Cedar",107.0],["Cheboygan",215.0],["Cherokee",189.0],["Cimarron",217.0],["Claiborne",80.0],["Clare",87.0],["Clay",48.0],["Clinton",100.5],["Cocke",41.0],["Crawford",161.25],["Crowley",220.0],["Cumberland",101.0],["DeKalb",102.0],["Dearborn",213.0],["Dickenson",29.0],["Edmonson",179.0],["Elliott",56.0],["Emery",186.0],["Esmeralda",118.0],["Essex",143.0],["Estill",25.0],["Fannin",82.0],["Fayette",54.0],["Fentress",115.0],["Floyd",10.0],["Foard",204.0],["Franklin",206.0],["Gallatin",108.0],["Gallia",155.0],["Garrard",167.0],["Graham",124.0],["Grainger",66.0],["Grant",77.0],["Grayson",126.0],["Green",132.0],["Greene",79.0],["Greenup",129.0],["Hamblen",138.0],["Hancock",31.0],["Haralson",200.0],["Hardin",52.0],["Harlan",45.0],["Hawkins",71.0],["Henry",128.0],["Hickman",191.0],["Hickory",156.0],["Highland",196.0],["Humphreys",83.0],["Iron",117.0],["Jackson",65.0],["Jefferson",119.0],["Jennings",158.0],["Johnson",111.0],["Kalkaska",207.0],["Kanawha",209.0],["Kennebec",193.0],["Knott",17.0],["Knox",9.0],["Lake",184.0],["Laurel",65.0],["Lawrence",137.33333333333334],["Lee",51.5],["Leslie",8.0],["Letcher",50.0],["Lewis",173.0],["Lincoln",109.0],["Logan",20.0],["Luzerne",38.0],["Macon",116.0],["Madison",58.0],["Magoffin",23.0],["Marion",100.0],["Marshall",182.0],["Martin",34.0],["Mason",85.0],["McCreary",48.0],["McDowell",2.0],["McNairy",141.0],["Meigs",114.0],["Menifee",31.0],["Mercer",180.5],["Mineral",161.0],["Mingo",7.0],["Mohave",208.0],["Monroe",105.0],["Montmorency",91.0],["Morgan",75.0],["Murray",159.0],["Nicholas",98.0],["Ogemaw",86.0],["Oscoda",88.0],["Overton",95.0],["Owsley",12.0],["Ozark",185.0],["Patrick",166.0],["Perry",18.5],["Pickett",43.0],["Pike",46.5],["Plumas",152.0],["Polk",142.0],["Powell",15.0],["Presque_Isle",174.0],["Raleigh",18.0],["Rawlins",218.0],["Reynolds",55.0],["Rhea",103.0],["Ripley",189.0],["Roane",128.5],["Robertson",175.0],["Rockcastle",40.0],["Roscommon",192.0],["Russell",57.5],["Scioto",136.0],["Scott",29.0],["Sharp",157.0],["Smith",140.0],["Somerset",145.0],["St._Francois",69.0],["Starke",70.0],["Storey",52.0],["Sullivan",151.0],["Summers",110.0],["Switzerland",94.0],["Taylor",104.0],["Tazewell",96.0],["Tishomingo",164.0],["Towns",120.0],["Treasure",211.0],["Tyler",162.0],["Union",74.0],["Vinton",146.0],["Waldo",135.0],["Walker",37.0],["Warren",203.0],["Washington",138.75],["Wayne",110.0],["Webster",113.0],["White",134.0],["Whitley",14.0],["Wilkes",104.0],["Wilson",181.0],["Windham",219.0],["Winston",109.0],["Wise",78.0],["Wolfe",1.0],["Woodson",144.0],["Wright",194.0],["Wyoming",16.0],["Wythe",210.0]],"headers":["COUNTY","Averageofvulnerable_rank"],"rawHeaders":["COUNTY","Averageofvulnerable_rank"]},"format":{"type":"TABLE"},"headerInfo":[{"alias":"COUNTY","header":"COUNTY","type":"STRING","derived":false},{"alias":"Averageofvulnerable_rank","header":"Averageofvulnerable_rank","calculatedBy":"vulnerable_rank","math":"Average","groupBy":["COUNTY"],"type":"STRING","derived":true}],"sortInfo":[],"numCollected":500,"taskOptions":{"0":{"layout":"Choropleth","alignment":{"label":["COUNTY"],"value":["Averageofvulnerable_rank"],"facet":[]}}},"filterInfo":[],"taskId":"task1"},"operationType":["TASK_DATA"]}]}